0.4987310767173767,0.928098201751709,0.34602659940719604,0.8059111833572388,0.30963197350502014,0.6455690264701843,0.35645321011543274,0.5139252543449402,0.42571213841438293,0.44718626141548157,0.3476352095603943,0.5928892493247986,0.30501824617385864,0.33011332154273987,0.2853473424911499,0.17862287163734436,0.27180176973342896,0.062465667724609375,0.4931113123893738,0.5931185483932495,0.45716577768325806,0.3842419981956482,0.4342872202396393,0.44854116439819336,0.43209782242774963,0.5256780385971069,0.6162356734275818,0.621174156665802,0.5720953345298767,0.43047821521759033,0.535060703754425,0.4803391695022583,0.5304238200187683,0.5534616708755493,0.7114583253860474,0.6561765074729919,0.6553820371627808,0.5076349973678589,0.6137281656265259,0.5431544780731201,0.6112635731697083,0.5968424081802368,1
0.5707741975784302,0.9493435621261597,0.4660184979438782,0.8203197121620178,0.42608264088630676,0.6623369455337524,0.4898289144039154,0.5442365407943726,0.5782926082611084,0.4887881875038147,0.374884694814682,0.5736879110336304,0.37234652042388916,0.3428815007209778,0.37449365854263306,0.19919314980506897,0.36887553334236145,0.08850991725921631,0.4644918739795685,0.5803641080856323,0.5849843621253967,0.4195002615451813,0.6144199371337891,0.5023435950279236,0.5853323936462402,0.5771327614784241,0.5754759311676025,0.60467129945755,0.6792204976081848,0.47216886281967163,0.6867731809616089,0.5502206683158875,0.657145619392395,0.6175001859664917,0.6845462322235107,0.6346595287322998,0.756175696849823,0.5307722091674805,0.7534186840057373,0.6038748025894165,0.7286355495452881,0.6575883626937866,1
0.5438768863677979,0.9505170583724976,0.41108885407447815,0.8138028979301453,0.37602677941322327,0.65760737657547,0.41973793506622314,0.5323580503463745,0.5001907348632812,0.46831607818603516,0.3664769232273102,0.5512754321098328,0.3363902270793915,0.3135015368461609,0.32739219069480896,0.17039713263511658,0.3184560239315033,0.060433417558670044,0.49178653955459595,0.535541296005249,0.5351329445838928,0.35954350233078003,0.5524522066116333,0.4257320761680603,0.5448597073554993,0.5105677247047424,0.621780514717102,0.5568370223045349,0.6399263739585876,0.4336407482624054,0.6385626196861267,0.4913465976715088,0.6259089112281799,0.5576439499855042,0.734865128993988,0.5991576313972473,0.733674168586731,0.516254186630249,0.7194565534591675,0.5666811466217041,0.7105850577354431,0.6156354546546936,1
0.2114577442407608,0.5500430464744568,0.15715374052524567,0.5140226483345032,0.12556765973567963,0.4235372841358185,0.12991847097873688,0.34885457158088684,0.15414762496948242,0.2928923964500427,0.141713947057724,0.3541440963745117,0.13666468858718872,0.29335081577301025,0.13467010855674744,0.2488737851381302,0.13433147966861725,0.21864525973796844,0.1946452409029007,0.3517811596393585,0.19486463069915771,0.28133606910705566,0.18799790740013123,0.3518836498260498,0.18552866578102112,0.4075982868671417,0.24737367033958435,0.362428218126297,0.24741032719612122,0.3086453676223755,0.2322479784488678,0.38360366225242615,0.22658893465995789,0.4386872351169586,0.3024413585662842,0.3839603066444397,0.30678656697273254,0.3284319043159485,0.2840966582298279,0.3710731863975525,0.26637178659439087,0.41388943791389465,1
0.18166297674179077,0.4947679042816162,0.15699347853660583,0.4253619313240051,0.17815130949020386,0.33185628056526184,0.21896736323833466,0.2699234187602997,0.270790696144104,0.24402883648872375,0.2553127110004425,0.29630979895591736,0.31006187200546265,0.22862961888313293,0.3479861617088318,0.1842793971300125,0.3832854628562927,0.14940191805362701,0.2885059714317322,0.3240147531032562,0.31116658449172974,0.2621590197086334,0.2602183222770691,0.3045082092285156,0.22552894055843353,0.35029295086860657,0.31949934363365173,0.35697758197784424,0.33754849433898926,0.2946479916572571,0.28001052141189575,0.3381165564060211,0.2433779239654541,0.38547950983047485,0.3531953692436218,0.3975057005882263,0.37577730417251587,0.3359565734863281,0.330077201128006,0.35451558232307434,0.2901698648929596,0.38821953535079956,1
0.25680065155029297,0.8201243877410889,0.2149839699268341,0.7464832067489624,0.22830836474895477,0.6545827388763428,0.28128892183303833,0.5924124121665955,0.3257046937942505,0.5502985715866089,0.2370644062757492,0.5741037726402283,0.24879559874534607,0.4823460876941681,0.26126915216445923,0.4153043031692505,0.27398329973220825,0.3601992726325989,0.2919390797615051,0.5939322710037231,0.3215523362159729,0.5013038516044617,0.3031981885433197,0.5402582287788391,0.28624868392944336,0.5833765268325806,0.3391128182411194,0.632836103439331,0.35762733221054077,0.5743557810783386,0.31548964977264404,0.6384925842285156,0.2900916337966919,0.6812095046043396,0.3768753707408905,0.6830300092697144,0.38516172766685486,0.6426392197608948,0.34520381689071655,0.6847667098045349,0.3192983567714691,0.7122656106948853,1
0.6541321873664856,0.8282521367073059,0.5311203002929688,0.7189825773239136,0.474651575088501,0.5865471959114075,0.5033197402954102,0.4738447368144989,0.5681833028793335,0.41897347569465637,0.41691702604293823,0.520442545413971,0.382499098777771,0.3036400079727173,0.36716705560684204,0.1680329144001007,0.3509981632232666,0.06550785899162292,0.5121312141418457,0.5105555057525635,0.5926462411880493,0.3377906084060669,0.6319083571434021,0.4020898640155792,0.6187533140182495,0.4703660309314728,0.6265093088150024,0.513794481754303,0.691954493522644,0.3762383759021759,0.7088844776153564,0.4401059150695801,0.6956256628036499,0.5030233263969421,0.7365528345108032,0.5245881676673889,0.7732298970222473,0.41395652294158936,0.7763975858688354,0.4776926040649414,0.7637211680412292,0.5306558609008789,1
0.4401403069496155,0.9229022264480591,0.3344370722770691,0.7802947759628296,0.3235276937484741,0.6214914917945862,0.3858620524406433,0.5130850672721863,0.45280253887176514,0.46450111269950867,0.2799582779407501,0.5549134612083435,0.3042556941509247,0.3212103843688965,0.32995378971099854,0.19225654006004333,0.3524717092514038,0.08751392364501953,0.3828961253166199,0.5920023322105408,0.46240586042404175,0.3994996249675751,0.4577702581882477,0.47624337673187256,0.42990273237228394,0.5506531596183777,0.4903106093406677,0.6325163841247559,0.5437962412834167,0.4655800759792328,0.5282808542251587,0.5362365245819092,0.4999946057796478,0.5966615676879883,0.5913722515106201,0.6731201410293579,0.6101344227790833,0.5412415266036987,0.5850276947021484,0.603500485420227,0.5595662593841553,0.6611363887786865,1
0.5117147564888,0.9787561893463135,0.3810998201370239,0.8247066736221313,0.3431781828403473,0.6718494296073914,0.33076542615890503,0.5700085163116455,0.33335182070732117,0.5156875252723694,0.4685591161251068,0.5533538460731506,0.5390356183052063,0.3207927942276001,0.5863393545150757,0.17021945118904114,0.6254879236221313,0.06631883978843689,0.5941604375839233,0.5797013640403748,0.6090676784515381,0.41258445382118225,0.5587995052337646,0.4453394412994385,0.5299962162971497,0.514352023601532,0.6917293667793274,0.6337155699729919,0.6836868524551392,0.47371578216552734,0.6275882124900818,0.4998722970485687,0.5985746383666992,0.568484365940094,0.7687389254570007,0.6916670203208923,0.7407428026199341,0.578569233417511,0.6869978904724121,0.5997295379638672,0.6572415828704834,0.6548542976379395,1
0.5119740962982178,1.004401683807373,0.4094558358192444,0.8268674612045288,0.4236997961997986,0.6505851149559021,0.4936363399028778,0.5438194870948792,0.5619397163391113,0.5016215443611145,0.5066221356391907,0.5661118626594543,0.5514010787010193,0.3460412919521332,0.5862067937850952,0.21741622686386108,0.6123546957969666,0.11833024024963379,0.6249494552612305,0.5968634486198425,0.6405162215232849,0.44001197814941406,0.5973811149597168,0.4811230003833771,0.5738252997398376,0.5498800277709961,0.7150804400444031,0.6503955721855164,0.7038620710372925,0.5164744853973389,0.6570389866828918,0.5424825549125671,0.6356126070022583,0.6005390882492065,0.7792447805404663,0.7065007090568542,0.7603423595428467,0.6032271385192871,0.7164304852485657,0.6182188391685486,0.697490930557251,0.6664911508560181,1
0.6885371208190918,1.1617372035980225,0.566771924495697,1.0358680486679077,0.534233808517456,0.8758053183555603,0.5624333024024963,0.7509596943855286,0.5937294363975525,0.67235267162323,0.577918291091919,0.7670890688896179,0.5118122100830078,0.5816971063613892,0.4752829670906067,0.511081874370575,0.4537428021430969,0.4603242874145508,0.6731082201004028,0.7662912607192993,0.649992823600769,0.5281085968017578,0.6449244022369385,0.42608642578125,0.6457138061523438,0.35535547137260437,0.7570605874061584,0.7911556959152222,0.7345813512802124,0.6402379274368286,0.6940097808837891,0.6814083456993103,0.6705389618873596,0.7308828830718994,0.8203201293945312,0.8244433403015137,0.7872603535652161,0.7284179329872131,0.7421501874923706,0.7502121925354004,0.7143974304199219,0.7867443561553955,2
0.6912915110588074,1.0553077459335327,0.4936416745185852,0.910304069519043,0.4559418857097626,0.7164157032966614,0.5000400543212891,0.5912618637084961,0.5761337280273438,0.5206716656684875,0.5820358395576477,0.6010721921920776,0.5354721546173096,0.3896973729133606,0.5243698954582214,0.2641947865486145,0.5305859446525574,0.1567252278327942,0.6944643259048462,0.6123858690261841,0.7322167754173279,0.402108758687973,0.7676016092300415,0.2698137164115906,0.8030438423156738,0.1721927523612976,0.7480034232139587,0.6358916759490967,0.6704317331314087,0.512374997138977,0.5917075872421265,0.5739431381225586,0.5620474815368652,0.6252985596656799,0.7729694247245789,0.6558997631072998,0.694492757320404,0.5925335884094238,0.6458935141563416,0.6210951805114746,0.6248863339424133,0.6689503192901611,2
0.8496374487876892,1.0821057558059692,0.6801261901855469,0.9691982865333557,0.6187245845794678,0.8110414743423462,0.6449064016342163,0.6717116832733154,0.6996359825134277,0.5882447361946106,0.616327166557312,0.7392654418945312,0.5089878439903259,0.560708224773407,0.4531913995742798,0.44780611991882324,0.40702903270721436,0.3536086976528168,0.7154868841171265,0.7167335152626038,0.6743956804275513,0.4824458062648773,0.6616256833076477,0.3422423005104065,0.6579020023345947,0.23577535152435303,0.8100997805595398,0.7013723850250244,0.7617917060852051,0.5195685625076294,0.7323693037033081,0.5711389780044556,0.7275212407112122,0.634067952632904,0.8935304880142212,0.6946373581886292,0.8230050802230835,0.5859633684158325,0.7897514700889587,0.6304246783256531,0.7895841598510742,0.6746132373809814,2
0.5764795541763306,1.0552549362182617,0.4612191319465637,0.8583272099494934,0.4920099675655365,0.6835780143737793,0.5901688933372498,0.5941326022148132,0.6737267971038818,0.5386964678764343,0.5158135890960693,0.600161075592041,0.49632009863853455,0.3957497179508209,0.4890810251235962,0.2730792760848999,0.4979563355445862,0.17797040939331055,0.6246342658996582,0.6210391521453857,0.6426698565483093,0.3996001183986664,0.6572738885879517,0.2722306549549103,0.6843226552009583,0.18332326412200928,0.702187180519104,0.6584193110466003,0.687512993812561,0.5119013786315918,0.6207123398780823,0.5420824289321899,0.5897983312606812,0.590396523475647,0.7484338879585266,0.7109915018081665,0.7007979154586792,0.6197138428688049,0.6364832520484924,0.6425682902336121,0.617910623550415,0.6871398687362671,2
0.4374886751174927,0.8931807279586792,0.3656199872493744,0.6958489418029785,0.4112894535064697,0.5402958989143372,0.515642523765564,0.45034152269363403,0.5999834537506104,0.39738336205482483,0.4053177833557129,0.456137478351593,0.4027504026889801,0.27207890152931213,0.39886635541915894,0.16404306888580322,0.3994213342666626,0.07878273725509644,0.5057146549224854,0.47408151626586914,0.537929892539978,0.28501075506210327,0.5623612999916077,0.17141571640968323,0.5885728001594543,0.08984553813934326,0.5867553949356079,0.5141560435295105,0.6030855178833008,0.39752089977264404,0.5570877194404602,0.4331203103065491,0.5232262015342712,0.4906640946865082,0.6434462666511536,0.5568064451217651,0.6134446263313293,0.49839872121810913,0.5680288076400757,0.5250148773193359,0.5490360260009766,0.5656254291534424,2
0.5984338521957397,0.9034696817398071,0.432394415140152,0.7812236547470093,0.4057554006576538,0.6097747087478638,0.4512142837047577,0.47984185814857483,0.5089467763900757,0.41708293557167053,0.4534067213535309,0.5314235687255859,0.4099595248699188,0.3241279423236847,0.3894435167312622,0.20880240201950073,0.3794682025909424,0.11953595280647278,0.5686787366867065,0.5273029208183289,0.6170002818107605,0.31996649503707886,0.6643230319023132,0.19302499294281006,0.709470272064209,0.10117337107658386,0.6420057415962219,0.5467679500579834,0.6054172515869141,0.4557521343231201,0.5642873644828796,0.503623902797699,0.5441797971725464,0.5546273589134216,0.687871515750885,0.5745919942855835,0.6284478306770325,0.5211440324783325,0.596711277961731,0.5628539323806763,0.580354630947113,0.6070843935012817,2
0.6311310529708862,0.9982877969741821,0.45630642771720886,0.9270673990249634,0.38208359479904175,0.794182538986206,0.3956371545791626,0.673691987991333,0.4329786002635956,0.6050142645835876,0.39360707998275757,0.6949232816696167,0.2589744031429291,0.5474764108657837,0.1881929636001587,0.46723219752311707,0.14342716336250305,0.40346217155456543,0.49241071939468384,0.6616775393486023,0.44532936811447144,0.45265597105026245,0.4404432475566864,0.32985520362854004,0.4465039372444153,0.23244577646255493,0.5757659673690796,0.6559213399887085,0.5087857842445374,0.594527542591095,0.4948294162750244,0.6606383919715881,0.5024276971817017,0.711091160774231,0.637920081615448,0.6638187766075134,0.5626906752586365,0.6371073722839355,0.5424606204032898,0.6947062015533447,0.5446786284446716,0.7409337759017944,2
0.7902577519416809,0.9427669048309326,0.5896963477134705,0.8945023417472839,0.5026776790618896,0.7480387091636658,0.5013997554779053,0.6157035231590271,0.5376166105270386,0.5304852724075317,0.4906452000141144,0.6509833931922913,0.341670960187912,0.4813760817050934,0.2542009651660919,0.37387943267822266,0.19482746720314026,0.2871343493461609,0.6154030561447144,0.5994784832000732,0.5627734661102295,0.36563870310783386,0.5472515821456909,0.21345853805541992,0.5464011430740356,0.10287278890609741,0.7154022455215454,0.5808312892913818,0.6451033353805542,0.4731283187866211,0.6224180459976196,0.5403650403022766,0.6274391412734985,0.5985879898071289,0.7912697792053223,0.589009702205658,0.714411735534668,0.542793869972229,0.6903269290924072,0.605695903301239,0.7009420394897461,0.6545906066894531,2
0.6593288779258728,0.9929579496383667,0.5118581056594849,0.8821328282356262,0.4603308439254761,0.7312412858009338,0.5102071762084961,0.6216607689857483,0.5693607926368713,0.5579004287719727,0.46857574582099915,0.6082215905189514,0.41422080993652344,0.4208904504776001,0.38481396436691284,0.3159360885620117,0.3630184233188629,0.23255780339241028,0.5935496687889099,0.5847967267036438,0.6001664996147156,0.37325942516326904,0.6175928115844727,0.24172082543373108,0.6428089141845703,0.14520591497421265,0.7050426006317139,0.6006273031234741,0.6633423566818237,0.5190855264663696,0.6351032853126526,0.5806726217269897,0.632790744304657,0.6407467126846313,0.7906255722045898,0.6358758211135864,0.7316654920578003,0.578916609287262,0.7008135318756104,0.6292182803153992,0.7043472528457642,0.678570568561554,2
0.4445474445819855,0.9721845388412476,0.3480209708213806,0.8187944889068604,0.351469486951828,0.6406958103179932,0.4123663306236267,0.5185365080833435,0.4615442752838135,0.45303061604499817,0.4081900417804718,0.566636860370636,0.3962995409965515,0.33020803332328796,0.41020798683166504,0.19507786631584167,0.43154263496398926,0.09659194946289062,0.5185659527778625,0.5802696943283081,0.5708572268486023,0.36667028069496155,0.6024614572525024,0.24534723162651062,0.6339121460914612,0.16617301106452942,0.6034289002418518,0.6250356435775757,0.5792605876922607,0.5189679265022278,0.5201808214187622,0.567429780960083,0.49473387002944946,0.6219033598899841,0.6602944135665894,0.6823394298553467,0.6254244446754456,0.601535975933075,0.5682188272476196,0.6298884153366089,0.5445451736450195,0.6720016002655029,2
0.4760768413543701,0.9962064027786255,0.35932624340057373,0.8328341245651245,0.3684990108013153,0.6571903824806213,0.46354013681411743,0.5668489336967468,0.545216977596283,0.5298597812652588,0.43970024585723877,0.5806973576545715,0.41864269971847534,0.32884857058525085,0.4171328544616699,0.188075453042984,0.41898661851882935,0.08328557014465332,0.5840689539909363,0.6158804297447205,0.6107826232910156,0.3679006099700928,0.6255897879600525,0.2272796332836151,0.643618643283844,0.1330110728740692,0.6886043548583984,0.6709997653961182,0.6314230561256409,0.5398437976837158,0.5693342089653015,0.5688327550888062,0.5364193320274353,0.6297076344490051,0.7530120015144348,0.7254860401153564,0.6682958602905273,0.6362749338150024,0.6132755875587463,0.6614410877227783,0.595395028591156,0.7104783058166504,2
0.781895101070404,1.0369638204574585,0.6334450244903564,0.8689138293266296,0.5990517735481262,0.7006657719612122,0.6512925624847412,0.5755648612976074,0.7264689803123474,0.5135922431945801,0.6042191982269287,0.623469352722168,0.5416132211685181,0.4156110882759094,0.5054728388786316,0.29716867208480835,0.48841872811317444,0.20216912031173706,0.7252011895179749,0.6106483340263367,0.72086101770401,0.36837077140808105,0.7191739082336426,0.22317883372306824,0.7307873964309692,0.12057757377624512,0.8440488576889038,0.6228726506233215,0.8429645299911499,0.42975956201553345,0.8027224540710449,0.4759337902069092,0.7765581011772156,0.5536019802093506,0.948912501335144,0.6497211456298828,0.897207498550415,0.5384799242019653,0.8580129146575928,0.5763734579086304,0.8457803130149841,0.6384333968162537,2
0.5539833307266235,1.0410066843032837,0.4698599576950073,0.8671693801879883,0.4862133860588074,0.699287474155426,0.5634243488311768,0.6118519306182861,0.6373207569122314,0.5714660286903381,0.5443377494812012,0.5784987211227417,0.5304028987884521,0.3918249309062958,0.5331649780273438,0.2971857488155365,0.5415867567062378,0.22909682989120483,0.6559159159660339,0.5929300785064697,0.7265356779098511,0.42809098958969116,0.77781742811203,0.33820775151252747,0.8206686973571777,0.28550535440444946,0.7407960295677185,0.6417591571807861,0.7508438229560852,0.5935530662536621,0.705647349357605,0.6446243524551392,0.6787910461425781,0.6976790428161621,0.7994192838668823,0.7009248733520508,0.7901483178138733,0.6727707982063293,0.7546833753585815,0.7104740142822266,0.7357140183448792,0.7554266452789307,2
0.6274945735931396,0.6633220911026001,0.5411229133605957,0.6093116998672485,0.503678023815155,0.5241833925247192,0.5210210680961609,0.4509483277797699,0.5335885882377625,0.3989369869232178,0.5236116051673889,0.5706284642219543,0.49708449840545654,0.4100378155708313,0.4838765263557434,0.31799691915512085,0.47625303268432617,0.24613724648952484,0.6029496192932129,0.5781487226486206,0.6097913980484009,0.38687610626220703,0.6136257648468018,0.26388755440711975,0.6185304522514343,0.1808541715145111,0.6781625747680664,0.5783408880233765,0.642186164855957,0.41627269983291626,0.605334460735321,0.3951846659183502,0.5869976878166199,0.40374648571014404,0.7379470467567444,0.5734736919403076,0.697221577167511,0.46406686305999756,0.6604770421981812,0.4639393985271454,0.6477729082107544,0.4865764379501343,2
0.26497238874435425,0.8216982483863831,0.18398620188236237,0.7542806267738342,0.16331873834133148,0.6286836862564087,0.226161390542984,0.5535053610801697,0.30245354771614075,0.5725646615028381,0.22832459211349487,0.5616393685340881,0.22886963188648224,0.45219653844833374,0.23138880729675293,0.3733050227165222,0.24028560519218445,0.3100767731666565,0.29680702090263367,0.5713865756988525,0.31786489486694336,0.4459575116634369,0.322277307510376,0.3536023199558258,0.3338952362537384,0.2791650593280792,0.35751599073410034,0.6091234683990479,0.37248924374580383,0.5207909345626831,0.3315996527671814,0.5993860363960266,0.30068665742874146,0.6657098531723022,0.40583473443984985,0.6616542339324951,0.40742045640945435,0.5957956314086914,0.3697424530982971,0.6469926238059998,0.34054994583129883,0.7022384405136108,2
0.37681472301483154,0.9058331847190857,0.32883191108703613,0.8016968965530396,0.3633805811405182,0.7048248052597046,0.4645508825778961,0.666441798210144,0.5528774261474609,0.6611979007720947,0.3871152997016907,0.5954796075820923,0.40610018372535706,0.48816055059432983,0.41249310970306396,0.41516655683517456,0.42049866914749146,0.36298316717147827,0.4499490559101105,0.6278804540634155,0.5196450352668762,0.5274689793586731,0.5602512359619141,0.4716772437095642,0.5987531542778015,0.4278572201728821,0.48906242847442627,0.6791478991508484,0.539756178855896,0.6307126879692078,0.5254238843917847,0.6635866761207581,0.5216672420501709,0.6891065239906311,0.5180627107620239,0.7326771020889282,0.5423293709754944,0.6939182281494141,0.5345335006713867,0.7207995653152466,0.5292537808418274,0.7496208548545837,2
0.4453238546848297,0.9904195070266724,0.4093463122844696,0.9134596586227417,0.42613521218299866,0.8251310586929321,0.49731719493865967,0.7723302245140076,0.5655640959739685,0.7398468852043152,0.4366268813610077,0.6960211396217346,0.46938660740852356,0.5894227623939514,0.4925192594528198,0.5265174508094788,0.5120113492012024,0.4712408781051636,0.496762752532959,0.7087474465370178,0.5230772495269775,0.5895534753799438,0.5451843738555908,0.5200099945068359,0.5620631575584412,0.4593009054660797,0.5451669692993164,0.7476534247398376,0.5997582674026489,0.6934567093849182,0.5953024625778198,0.7599505186080933,0.5775420665740967,0.8085212111473083,0.5846034288406372,0.7982715964317322,0.6338959336280823,0.759200930595398,0.6278717517852783,0.7970992922782898,0.6075790524482727,0.830626904964447,2
0.5402077436447144,0.9363099336624146,0.5819622874259949,0.767127513885498,0.6668338775634766,0.6350582242012024,0.7648069858551025,0.5836324691772461,0.851507842540741,0.5801653861999512,0.6070420742034912,0.5822861790657043,0.6564627885818481,0.48620399832725525,0.6962469220161438,0.42279547452926636,0.7299067378044128,0.37357592582702637,0.6224191784858704,0.6289687156677246,0.713716983795166,0.5518454909324646,0.7853903770446777,0.48507019877433777,0.854140043258667,0.43259888887405396,0.6406638622283936,0.680691659450531,0.73888099193573,0.6227258443832397,0.7805754542350769,0.5824630856513977,0.8207772374153137,0.55704665184021,0.6732377409934998,0.7304961681365967,0.7484790086746216,0.6846336126327515,0.7872737050056458,0.6536625623703003,0.8283771276473999,0.6268397569656372,2
0.5407981276512146,0.9315897226333618,0.4759114980697632,0.8172789812088013,0.46780019998550415,0.6937519907951355,0.48678696155548096,0.5903313159942627,0.49564051628112793,0.5211787223815918,0.4765750765800476,0.6363185048103333,0.47319722175598145,0.4685683250427246,0.44810056686401367,0.466067910194397,0.44617176055908203,0.5078640580177307,0.5299679636955261,0.6041226983070374,0.5020711421966553,0.39755013585090637,0.46035248041152954,0.33692502975463867,0.4491675794124603,0.32595792412757874,0.5841977000236511,0.596137285232544,0.5390114784240723,0.43298107385635376,0.49859410524368286,0.4735136032104492,0.49518483877182007,0.5345990061759949,0.6346825957298279,0.614558219909668,0.5766308903694153,0.5138230323791504,0.5420681834220886,0.5479570031166077,0.544773280620575,0.5955628752708435,2
0.45342642068862915,0.8840574622154236,0.415377140045166,0.7640945911407471,0.4477529525756836,0.6540489792823792,0.5299001932144165,0.5923341512680054,0.5960984230041504,0.5713236927986145,0.43904444575309753,0.5154523849487305,0.4814837872982025,0.4087047576904297,0.5080663561820984,0.34676840901374817,0.5293823480606079,0.2955552935600281,0.5065045356750488,0.5385565161705017,0.5470906496047974,0.4137759804725647,0.5701616406440735,0.3424651026725769,0.5847160220146179,0.28393861651420593,0.5605373382568359,0.5848873853683472,0.6239622831344604,0.523635745048523,0.604137659072876,0.5825504660606384,0.575300395488739,0.6243476867675781,0.6044018864631653,0.6349266171455383,0.6563504934310913,0.5866998434066772,0.637261152267456,0.6230081915855408,0.6092454791069031,0.6518875956535339,2
0.25180745124816895,0.9335980415344238,0.2113257646560669,0.8087584972381592,0.2349078357219696,0.7079626321792603,0.3094591498374939,0.6801773309707642,0.3710364103317261,0.7034587860107422,0.3327367603778839,0.6080008745193481,0.40723639726638794,0.5124706625938416,0.45890477299690247,0.47811269760131836,0.5070798993110657,0.4487653076648712,0.38616323471069336,0.6610044836997986,0.46895092725753784,0.5589446425437927,0.5245397686958313,0.504034161567688,0.5723661780357361,0.4592779278755188,0.421700119972229,0.7303464412689209,0.47814634442329407,0.6851047873497009,0.39776772260665894,0.7239856719970703,0.33241814374923706,0.7568892240524292,0.44226589798927307,0.8058061003684998,0.48421093821525574,0.7755526900291443,0.42084991931915283,0.7925631999969482,0.36179476976394653,0.8118644952774048,2
0.317383736371994,0.9623438119888306,0.26707178354263306,0.8822830319404602,0.2616601288318634,0.7909699082374573,0.3335132300853729,0.7298657894134521,0.40234437584877014,0.6983344554901123,0.27274274826049805,0.654967725276947,0.2531355619430542,0.545150876045227,0.24296079576015472,0.47772836685180664,0.23603153228759766,0.4234129786491394,0.3452482521533966,0.6621881127357483,0.3877680003643036,0.5438375473022461,0.42103269696235657,0.48347043991088867,0.4482085704803467,0.4380817115306854,0.40113958716392517,0.6990475654602051,0.44556036591529846,0.6579685807228088,0.4329603612422943,0.715038537979126,0.41166678071022034,0.7607835531234741,0.4416661858558655,0.7510887980461121,0.4804212749004364,0.718282163143158,0.46586260199546814,0.7534744143486023,0.44112223386764526,0.7888392210006714,2
0.38005536794662476,0.901201605796814,0.4559435248374939,0.8121800422668457,0.5069449543952942,0.7008419036865234,0.5060389041900635,0.6154594421386719,0.49308788776397705,0.5763179659843445,0.6031683683395386,0.6559752225875854,0.6458609104156494,0.5129784345626831,0.6650551557540894,0.4308221638202667,0.686360239982605,0.3672242760658264,0.5566807389259338,0.6294803619384766,0.6241516470909119,0.48735782504081726,0.6635584831237793,0.39945897459983826,0.704616367816925,0.3504953384399414,0.49826115369796753,0.6099202632904053,0.5270917415618896,0.49006539583206177,0.4980042576789856,0.5373827815055847,0.4888487458229065,0.5828679203987122,0.43948689103126526,0.590168833732605,0.45687317848205566,0.5062512755393982,0.43953973054885864,0.5419060587882996,0.43451982736587524,0.5816442966461182,2
0.3182036280632019,0.8807289004325867,0.27212727069854736,0.8345747590065002,0.2627834677696228,0.7988964319229126,0.2988418936729431,0.8240708112716675,0.3052472770214081,0.8594470024108887,0.2870563864707947,0.7203629016876221,0.26082342863082886,0.6051025986671448,0.24609100818634033,0.5261268615722656,0.2364632785320282,0.4587087333202362,0.3687132000923157,0.752675473690033,0.43902307748794556,0.6349726319313049,0.4837380647659302,0.5576099157333374,0.5220001935958862,0.490495502948761,0.43152013421058655,0.8061486482620239,0.4737899899482727,0.8167903423309326,0.4670657217502594,0.8900140523910522,0.46152302622795105,0.9392586350440979,0.4844951927661896,0.865337073802948,0.5101227164268494,0.8873693943023682,0.4969165325164795,0.9320809841156006,0.4782746136188507,0.9590651988983154,2
0.2422345131635666,0.8982112407684326,0.17569173872470856,0.8674532771110535,0.17018534243106842,0.8167864680290222,0.2487185001373291,0.8237128257751465,0.3481033444404602,0.8345867395401001,0.2573263347148895,0.6636509895324707,0.3075464069843292,0.5507925152778625,0.3643839955329895,0.47368985414505005,0.4185854494571686,0.41874149441719055,0.3359595537185669,0.7002748847007751,0.452914297580719,0.6294937133789062,0.5294191837310791,0.5831922888755798,0.5868219137191772,0.5456803441047668,0.3890396058559418,0.7611416578292847,0.4237573742866516,0.7853189706802368,0.3579639196395874,0.8587002158164978,0.31328099966049194,0.8911490440368652,0.4220793843269348,0.8229184746742249,0.4201332628726959,0.8725483417510986,0.3617941737174988,0.921520471572876,0.3151313066482544,0.9398431777954102,2
0.4013929069042206,0.8551152348518372,0.37531962990760803,0.82120281457901,0.38496264815330505,0.7702398896217346,0.4393332898616791,0.7375028133392334,0.48367369174957275,0.712411642074585,0.3692580461502075,0.6761388182640076,0.36367133259773254,0.5950806140899658,0.3558892607688904,0.5420913696289062,0.3450358211994171,0.4999464154243469,0.42020145058631897,0.6857879161834717,0.45167866349220276,0.6167740821838379,0.4687862694263458,0.5701186060905457,0.4759494364261627,0.5300794839859009,0.4562501609325409,0.7169994711875916,0.481312096118927,0.7033398151397705,0.4624701142311096,0.7452945113182068,0.4460349380970001,0.7707874178886414,0.4823596477508545,0.7589247226715088,0.5077740550041199,0.7445803880691528,0.4872024953365326,0.7726476192474365,0.46579039096832275,0.7917468547821045,2
0.5632445216178894,0.883497953414917,0.4601483941078186,0.7706396579742432,0.39102277159690857,0.647019624710083,0.314398854970932,0.5551503300666809,0.2296927571296692,0.5206590294837952,0.5041338801383972,0.6057243347167969,0.5067713856697083,0.4650295078754425,0.4897318184375763,0.5138919949531555,0.48595550656318665,0.5647417306900024,0.603408694267273,0.6220484375953674,0.577468752861023,0.49461132287979126,0.5488367080688477,0.5370146036148071,0.5473635196685791,0.5856867432594299,0.6772913932800293,0.6511683464050293,0.6400111317634583,0.5435560345649719,0.6165573596954346,0.5764663219451904,0.616668164730072,0.6217299103736877,0.7301940321922302,0.6767435669898987,0.6927810907363892,0.5903598070144653,0.6710097193717957,0.6228022575378418,0.672097384929657,0.6601726412773132,3
0.4029053747653961,0.7992873787879944,0.29424530267715454,0.6607030630111694,0.24350786209106445,0.516810953617096,0.2467697560787201,0.3841463327407837,0.294644832611084,0.31777799129486084,0.3687207102775574,0.4954882264137268,0.3935474157333374,0.3178495168685913,0.37641942501068115,0.3645278513431549,0.3664615750312805,0.42408448457717896,0.476841539144516,0.5115801692008972,0.49760299921035767,0.31726157665252686,0.4784623682498932,0.35591164231300354,0.46885278820991516,0.41635406017303467,0.5696865320205688,0.5265419483184814,0.5974396467208862,0.348631352186203,0.5790610909461975,0.384838730096817,0.5648105144500732,0.4416162371635437,0.6419961452484131,0.5548645257949829,0.681041955947876,0.4053459167480469,0.6636701226234436,0.4266430735588074,0.6478288173675537,0.48276495933532715,3
0.5014793276786804,0.7524409294128418,0.38738662004470825,0.6054017543792725,0.3290332555770874,0.43277719616889954,0.3174915015697479,0.2832554280757904,0.2906465530395508,0.18142545223236084,0.5176950097084045,0.39976561069488525,0.5538901090621948,0.27020832896232605,0.5091198682785034,0.3162255883216858,0.4804210960865021,0.3808273375034332,0.6249653697013855,0.45087242126464844,0.6378582119941711,0.3212994337081909,0.5925284624099731,0.35401052236557007,0.5691406726837158,0.4187259078025818,0.7082842588424683,0.5055173635482788,0.7105175256729126,0.39203834533691406,0.6719909906387329,0.4156928062438965,0.6530243158340454,0.4712681472301483,0.773853063583374,0.5568216443061829,0.7668277025222778,0.4624866545200348,0.7283300757408142,0.4881086051464081,0.716303825378418,0.5333951711654663,3
0.5946323871612549,0.8800269961357117,0.5043646097183228,0.770347535610199,0.46104031801223755,0.6480985283851624,0.4368319511413574,0.5536322593688965,0.39425671100616455,0.5015857815742493,0.6270222067832947,0.5871226787567139,0.6759805679321289,0.5218501091003418,0.6612884402275085,0.546989917755127,0.6427097320556641,0.5817004442214966,0.7060138583183289,0.6335355639457703,0.7310659885406494,0.5829062461853027,0.7030388116836548,0.611518383026123,0.6879034042358398,0.6554838418960571,0.7640584111213684,0.6980463266372681,0.7697579264640808,0.6572058200836182,0.7411240339279175,0.6864205002784729,0.723147988319397,0.7324022054672241,0.7993260622024536,0.7624192237854004,0.805247962474823,0.7401882410049438,0.7733675241470337,0.7634482383728027,0.7483635544776917,0.7990627288818359,3
0.4873741865158081,0.9385737180709839,0.3841974437236786,0.8040546774864197,0.35898229479789734,0.6549350023269653,0.3812737464904785,0.5285956859588623,0.37054720520973206,0.44125229120254517,0.5092242956161499,0.6131809949874878,0.5382893681526184,0.49813297390937805,0.5031008124351501,0.5486989617347717,0.48034030199050903,0.6069120764732361,0.607700765132904,0.6577168703079224,0.6190999150276184,0.5489236116409302,0.5769909620285034,0.5844941139221191,0.556083083152771,0.6424840688705444,0.680739164352417,0.7092309594154358,0.6866728067398071,0.614096999168396,0.6477792859077454,0.6376902461051941,0.6282888650894165,0.6905446648597717,0.7371843457221985,0.761785626411438,0.7350237965583801,0.6826993823051453,0.699194610118866,0.6981825828552246,0.682158350944519,0.7388953566551208,3
0.5455148816108704,0.9579211473464966,0.3866887092590332,0.8450635671615601,0.29029813408851624,0.7320955991744995,0.20924553275108337,0.6336746215820312,0.1174623966217041,0.5801135897636414,0.4558011591434479,0.532810628414154,0.4320520758628845,0.5698471665382385,0.4312284588813782,0.6473628282546997,0.4314537048339844,0.6990033388137817,0.5925620794296265,0.5536339282989502,0.5515027642250061,0.5931020379066467,0.5333946347236633,0.6614066958427429,0.5329974293708801,0.7093782424926758,0.6958707571029663,0.6134737133979797,0.6393395662307739,0.6426196694374084,0.6187329888343811,0.7006171941757202,0.6098021864891052,0.7517061233520508,0.769447922706604,0.6772549748420715,0.7254049777984619,0.6842468976974487,0.6977696418762207,0.7302871942520142,0.6834729909896851,0.7696894407272339,3
0.4999160170555115,0.9607964158058167,0.360912948846817,0.7808952331542969,0.2952180504798889,0.5947502255439758,0.2522779107093811,0.444369912147522,0.2188296914100647,0.3871994912624359,0.45303860306739807,0.5356167554855347,0.4982779920101166,0.36488062143325806,0.4816562533378601,0.41607093811035156,0.46427562832832336,0.48121869564056396,0.5938811302185059,0.5848562121391296,0.6013833284378052,0.4388831555843353,0.5684664845466614,0.48468783497810364,0.5510181188583374,0.5469588041305542,0.7118383646011353,0.6497096419334412,0.6964125037193298,0.5107038021087646,0.6671361327171326,0.5431267023086548,0.6508500576019287,0.6019337177276611,0.8068468570709229,0.7195042371749878,0.7850209474563599,0.5907519459724426,0.7525888085365295,0.6213191151618958,0.7432634830474854,0.676051914691925,3
0.5513432621955872,0.8989455103874207,0.4024735689163208,0.7345596551895142,0.30709439516067505,0.5780320167541504,0.21199294924736023,0.4536722004413605,0.11241123080253601,0.378436803817749,0.5444487929344177,0.4109758734703064,0.49057531356811523,0.40410327911376953,0.4743790328502655,0.48290786147117615,0.4727078378200531,0.5411317348480225,0.6808568835258484,0.45055705308914185,0.601630449295044,0.47070127725601196,0.5796394348144531,0.5319495797157288,0.5778387188911438,0.5890689492225647,0.778010368347168,0.5295436382293701,0.686834990978241,0.5533033013343811,0.6637499332427979,0.6012303233146667,0.6542496681213379,0.6564276218414307,0.8433837890625,0.610033392906189,0.7771140336990356,0.6146838665008545,0.7464189529418945,0.6558324694633484,0.7353820204734802,0.6989057660102844,3
0.4029689431190491,0.8863926529884338,0.2257423996925354,0.6939815282821655,0.1513391137123108,0.4944855570793152,0.1276882290840149,0.306133896112442,0.10725659132003784,0.16419827938079834,0.47117868065834045,0.37238574028015137,0.4233003258705139,0.32810845971107483,0.3753514289855957,0.41290462017059326,0.36311423778533936,0.4882237911224365,0.6134505271911621,0.43294623494148254,0.5298656225204468,0.39624375104904175,0.4824032187461853,0.45717477798461914,0.47609758377075195,0.5289540886878967,0.7076771855354309,0.5334900617599487,0.6331360340118408,0.48165857791900635,0.5913528800010681,0.5269186496734619,0.5788629055023193,0.5944079160690308,0.7784565687179565,0.6366608738899231,0.7201263904571533,0.582447350025177,0.6734269261360168,0.6203904747962952,0.6623324155807495,0.6737698316574097,3
0.5492658615112305,0.9585618376731873,0.3981359004974365,0.7984727621078491,0.32670554518699646,0.6400467157363892,0.30890917778015137,0.5011391639709473,0.3021637499332428,0.4078400135040283,0.5471987724304199,0.5168771743774414,0.5421499609947205,0.4464304447174072,0.5091186165809631,0.4987684488296509,0.4990230202674866,0.5566509962081909,0.6544402837753296,0.5474648475646973,0.6290167570114136,0.5062703490257263,0.5867527723312378,0.5514347553253174,0.5722798705101013,0.614700436592102,0.7398871183395386,0.605762243270874,0.7109804153442383,0.5635758638381958,0.6662617921829224,0.6043660044670105,0.6408964991569519,0.6673860549926758,0.811223030090332,0.671461820602417,0.7871063947677612,0.6296548843383789,0.7375532388687134,0.6644803881645203,0.7052960395812988,0.7128860950469971,3
0.5840827822685242,0.8058542609214783,0.4436637759208679,0.731166660785675,0.336454302072525,0.619415819644928,0.26019927859306335,0.5220351219177246,0.18753263354301453,0.48263347148895264,0.41863328218460083,0.5630048513412476,0.39084959030151367,0.38490891456604004,0.4032495617866516,0.4586431384086609,0.4131726622581482,0.5286166667938232,0.5349913239479065,0.5599870681762695,0.48739033937454224,0.38476869463920593,0.4848674535751343,0.4508669078350067,0.4963805675506592,0.5150070786476135,0.6387093663215637,0.5627733469009399,0.5878225564956665,0.40166914463043213,0.5776591897010803,0.45906609296798706,0.5882612466812134,0.5214614272117615,0.7309868335723877,0.5680272579193115,0.6803990602493286,0.4320898950099945,0.6593255996704102,0.470447838306427,0.6652370691299438,0.5228825807571411,3
0.5115336775779724,0.8638196587562561,0.3797011375427246,0.7152512073516846,0.29500606656074524,0.5385720133781433,0.22557035088539124,0.37984320521354675,0.14287132024765015,0.279418408870697,0.46366703510284424,0.516497015953064,0.5222672820091248,0.2878473103046417,0.48332488536834717,0.366510808467865,0.4540293514728546,0.4477296471595764,0.6046808958053589,0.5598315596580505,0.630271852016449,0.3307443857192993,0.5860631465911865,0.3949085772037506,0.5683615207672119,0.4706786274909973,0.7187798023223877,0.605107843875885,0.7413746118545532,0.3870399594306946,0.7011969089508057,0.4379652142524719,0.6810588836669922,0.5120402574539185,0.8122109174728394,0.6440767049789429,0.821864128112793,0.46916449069976807,0.7824060916900635,0.5049540996551514,0.7672868967056274,0.5598181486129761,3
0.4137260913848877,0.9158626794815063,0.29430708289146423,0.73728346824646,0.2432546615600586,0.5615471005439758,0.2398345172405243,0.4120103716850281,0.19754767417907715,0.32483166456222534,0.4027498960494995,0.49835312366485596,0.4787452816963196,0.3900448679924011,0.4466347098350525,0.4426540434360504,0.4137326776981354,0.5064336657524109,0.5109123587608337,0.5423615574836731,0.5611028671264648,0.4271867871284485,0.5269325971603394,0.475330114364624,0.5009788870811462,0.5367428660392761,0.6082208156585693,0.5951000452041626,0.6381458044052124,0.47940438985824585,0.6055737733840942,0.5223084688186646,0.578466534614563,0.5837033987045288,0.6921511888504028,0.6543365716934204,0.7031350135803223,0.5544297695159912,0.6682042479515076,0.5936387777328491,0.6462070941925049,0.646556556224823,3
0.5476840138435364,0.8611978888511658,0.4660641849040985,0.7131677865982056,0.4558335244655609,0.588090717792511,0.4797249734401703,0.4702072739601135,0.4829275608062744,0.36989325284957886,0.6563329696655273,0.5377990007400513,0.6875779628753662,0.4224286675453186,0.6278451681137085,0.43774542212486267,0.5907772779464722,0.48516279458999634,0.7339523434638977,0.5781944990158081,0.7550566792488098,0.45498931407928467,0.6965049505233765,0.46863383054733276,0.6720734238624573,0.5139533281326294,0.7800493240356445,0.6265634894371033,0.8080976009368896,0.5014082193374634,0.7570961713790894,0.5093095302581787,0.7281758189201355,0.5534048080444336,0.8064793348312378,0.6694273352622986,0.8288521766662598,0.564456582069397,0.7914892435073853,0.5603045225143433,0.7690354585647583,0.586281418800354,3
0.6673181056976318,0.8306362628936768,0.5660046339035034,0.6969569325447083,0.5470777750015259,0.5517427921295166,0.5586344003677368,0.4286577105522156,0.5238958597183228,0.35532665252685547,0.7137840986251831,0.4750871956348419,0.7462054491043091,0.45920056104660034,0.7243678569793701,0.5190408229827881,0.7027018666267395,0.5622847676277161,0.8050923347473145,0.50741046667099,0.8124945163726807,0.5023033022880554,0.7855434417724609,0.5507540106773376,0.7708978652954102,0.5926399230957031,0.8740660548210144,0.5659327507019043,0.8722003698348999,0.5446745753288269,0.8469860553741455,0.581835150718689,0.8255760669708252,0.623106837272644,0.9254728555679321,0.6310854554176331,0.9407671093940735,0.5847181081771851,0.9127444624900818,0.6110729575157166,0.8890758752822876,0.6439489126205444,3
0.7251865267753601,0.8813397884368896,0.7971044182777405,0.8040429353713989,0.8186083436012268,0.6643396019935608,0.7713891267776489,0.5540984869003296,0.702207624912262,0.49694687128067017,0.8349161744117737,0.5188819169998169,0.7206427454948425,0.43864578008651733,0.6889646053314209,0.49686509370803833,0.7058653235435486,0.5581179857254028,0.7568687796592712,0.4940282702445984,0.6492429971694946,0.42874693870544434,0.6218166351318359,0.4862223267555237,0.642979621887207,0.5435035824775696,0.664572536945343,0.49892476201057434,0.5751935243606567,0.4307440519332886,0.5588260889053345,0.491466224193573,0.5899472832679749,0.5389953255653381,0.567940890789032,0.5258683562278748,0.49684470891952515,0.45895883440971375,0.4902989864349365,0.519157886505127,0.5218722820281982,0.5677846074104309,3
0.6332053542137146,0.9630391597747803,0.5211697220802307,0.8745839595794678,0.456098735332489,0.7558631896972656,0.4202468693256378,0.6462451815605164,0.3647318184375763,0.5844613313674927,0.5737603902816772,0.6813116073608398,0.5903612375259399,0.5643253922462463,0.5620982646942139,0.6177980899810791,0.5491721034049988,0.6755017638206482,0.6639188528060913,0.6990871429443359,0.6532334685325623,0.5991343259811401,0.6234732866287231,0.6498134732246399,0.6208043098449707,0.7027682065963745,0.737673819065094,0.7263249754905701,0.7123370170593262,0.6457269191741943,0.688952624797821,0.6860995292663574,0.6852385997772217,0.7350282073020935,0.7964772582054138,0.7539421319961548,0.7692104578018188,0.6882668733596802,0.744789183139801,0.7231319546699524,0.7405503392219543,0.7627662420272827,3
0.5159705281257629,0.9046443104743958,0.42032623291015625,0.7705034017562866,0.4202403426170349,0.6326786279678345,0.4411023259162903,0.5204899311065674,0.41870933771133423,0.44471433758735657,0.5802338123321533,0.5683133006095886,0.5593759417533875,0.5487229824066162,0.5221683979034424,0.602155327796936,0.5102105140686035,0.6485122442245483,0.6604276299476624,0.618488609790802,0.6162262558937073,0.6093889474868774,0.583023726940155,0.6447939276695251,0.5773295164108276,0.6824514269828796,0.7131674289703369,0.6827725768089294,0.6653841137886047,0.6689901947975159,0.6323243379592896,0.697737991809845,0.6214231848716736,0.7346717715263367,0.7458282709121704,0.7438938617706299,0.7019296884536743,0.731767475605011,0.668006956577301,0.7574643492698669,0.6576440334320068,0.7842639088630676,3
0.2740670144557953,0.9961506128311157,0.1479019820690155,0.8246108293533325,0.1318817138671875,0.6378717422485352,0.14018169045448303,0.4862520694732666,0.09804190695285797,0.40189316868782043,0.24843713641166687,0.5831708908081055,0.31899306178092957,0.5136125683784485,0.2973402738571167,0.5665150880813599,0.2720549404621124,0.6133938431739807,0.34854239225387573,0.63704913854599,0.39702296257019043,0.5621528029441833,0.3676883280277252,0.6081875562667847,0.34124329686164856,0.6590400338172913,0.43427520990371704,0.7008662223815918,0.46428048610687256,0.6323538422584534,0.4360288679599762,0.680668294429779,0.4116249084472656,0.7297542095184326,0.5012860894203186,0.7692908048629761,0.5204278826713562,0.721141517162323,0.4880707859992981,0.7610219717025757,0.462324857711792,0.7992042303085327,3
0.41759514808654785,0.8272747993469238,0.2904580235481262,0.6514860391616821,0.27453190088272095,0.4472939372062683,0.2842510938644409,0.27473700046539307,0.23662789165973663,0.17271384596824646,0.4265733063220978,0.35630425810813904,0.5151470899581909,0.2797583341598511,0.501505970954895,0.3431786000728607,0.46742838621139526,0.3989071249961853,0.5504339933395386,0.4184034764766693,0.6051669716835022,0.35266008973121643,0.581210196018219,0.403836190700531,0.5512404441833496,0.460507869720459,0.6501345038414001,0.49812591075897217,0.6818752884864807,0.4303043782711029,0.6566640734672546,0.4761887192726135,0.6273170709609985,0.5335893630981445,0.7289034128189087,0.5846858620643616,0.745278000831604,0.5186164975166321,0.7181539535522461,0.5594047904014587,0.6967028379440308,0.6059131622314453,3
0.4966787099838257,0.8069145679473877,0.38832786679267883,0.6373473405838013,0.36821937561035156,0.4802425503730774,0.38019827008247375,0.34557193517684937,0.34225496649742126,0.2671842575073242,0.5408400297164917,0.3961695432662964,0.5789396166801453,0.3656448721885681,0.5532128810882568,0.4239310026168823,0.5304843187332153,0.4741133153438568,0.6457198262214661,0.4304392337799072,0.6542795896530151,0.42050406336784363,0.6207123398780823,0.46672579646110535,0.6020309925079346,0.5088459253311157,0.7263131141662598,0.49458086490631104,0.7208317518234253,0.46659722924232483,0.6889208555221558,0.5065787434577942,0.6651979684829712,0.5484617948532104,0.7851537466049194,0.5651622414588928,0.8085199594497681,0.5168874859809875,0.7806148529052734,0.5456014275550842,0.7525094747543335,0.579990565776825,3
0.7007200121879578,0.9380640983581543,0.5390381217002869,0.8428621888160706,0.42576175928115845,0.7297608852386475,0.32819247245788574,0.6261026859283447,0.24179640412330627,0.574347734451294,0.5512890815734863,0.5668058395385742,0.5693778991699219,0.43334800004959106,0.5712382793426514,0.493912011384964,0.5672838687896729,0.5655690431594849,0.6767893433570862,0.5721629858016968,0.6762453317642212,0.46608632802963257,0.6678329706192017,0.5231755971908569,0.6638453602790833,0.5921591520309448,0.7851632833480835,0.6009402275085449,0.7671023607254028,0.5090336203575134,0.7579996585845947,0.5582630038261414,0.7552403211593628,0.6211855411529541,0.8752375841140747,0.6366484761238098,0.8546339273452759,0.5601433515548706,0.840048611164093,0.5996624231338501,0.8388702869415283,0.6525839567184448,3
0.6443960070610046,0.8615726232528687,0.4713793992996216,0.7679305672645569,0.3406609892845154,0.6368821263313293,0.23130527138710022,0.5469638109207153,0.15202239155769348,0.48714539408683777,0.5036018490791321,0.4599420130252838,0.5471753478050232,0.28703930974006653,0.5216720700263977,0.2731979489326477,0.49568045139312744,0.30630767345428467,0.6270742416381836,0.4495958089828491,0.6472049355506897,0.2744932770729065,0.6132126450538635,0.2731401026248932,0.5872980356216431,0.31273987889289856,0.7229325771331787,0.46104976534843445,0.7253205180168152,0.31172510981559753,0.6946729421615601,0.32161399722099304,0.6690059900283813,0.3610304594039917,0.7957157492637634,0.4903719425201416,0.7836616039276123,0.36789053678512573,0.7520212531089783,0.36996209621429443,0.7311621904373169,0.4007497727870941,3
0.6101774573326111,0.8521499633789062,0.49704545736312866,0.6752133965492249,0.48064181208610535,0.4917515516281128,0.48828989267349243,0.336095929145813,0.48308584094047546,0.22708141803741455,0.6669284701347351,0.4152214527130127,0.6871323585510254,0.31114861369132996,0.6293255090713501,0.36031574010849,0.6039829850196838,0.4185901880264282,0.7695573568344116,0.46037161350250244,0.7579318284988403,0.37009501457214355,0.70760178565979,0.4021032452583313,0.6972805261611938,0.4527009427547455,0.8426954746246338,0.5219768285751343,0.8224523067474365,0.43261975049972534,0.7831292152404785,0.4539567232131958,0.7750060558319092,0.5054546594619751,0.893559455871582,0.5822314023971558,0.8917325735092163,0.5043272376060486,0.8608852624893188,0.5200188755989075,0.8587592840194702,0.5621728301048279,3
0.4852457046508789,0.8778338432312012,0.32495179772377014,0.7061540484428406,0.3109554052352905,0.5398666262626648,0.3771038055419922,0.4276784062385559,0.436545193195343,0.3898669481277466,0.4561796188354492,0.38461554050445557,0.4428867995738983,0.28439339995384216,0.41203442215919495,0.348128080368042,0.39926695823669434,0.4223520755767822,0.5888835191726685,0.4147653579711914,0.5448973774909973,0.3781394958496094,0.5022813081741333,0.44042161107063293,0.4897170960903168,0.5008686184883118,0.6873409748077393,0.48443299531936646,0.6329599618911743,0.46367591619491577,0.5899432897567749,0.5103970766067505,0.5721256136894226,0.5677815675735474,0.7629661560058594,0.5641932487487793,0.7052263617515564,0.5399285554885864,0.6607592701911926,0.5773655772209167,0.6387678980827332,0.6205813884735107,3
0.4819946885108948,0.9789143800735474,0.3455438017845154,0.8272378444671631,0.2793808579444885,0.6554737687110901,0.2145208716392517,0.5115939974784851,0.1334874927997589,0.4356873035430908,0.4305037260055542,0.553849458694458,0.4045695662498474,0.431548148393631,0.36995136737823486,0.5054070949554443,0.36423444747924805,0.5782768726348877,0.5527108311653137,0.576368510723114,0.4885405898094177,0.47008591890335083,0.4482673406600952,0.5311005711555481,0.44489943981170654,0.5967323184013367,0.6448773741722107,0.6192733645439148,0.56745845079422,0.519801676273346,0.5305920243263245,0.5697839260101318,0.5237764716148376,0.6351823210716248,0.7112932205200195,0.6624556183815002,0.6361043453216553,0.5741399526596069,0.5955727100372314,0.61455237865448,0.5887153744697571,0.6698064804077148,3
0.556026816368103,0.9559048414230347,0.4788239300251007,0.7982211112976074,0.47920501232147217,0.6418600678443909,0.48525315523147583,0.5188788175582886,0.4508168697357178,0.44895869493484497,0.623876690864563,0.5903099775314331,0.6404727101325989,0.47477060556411743,0.6036551594734192,0.5159232020378113,0.5865621566772461,0.5804435610771179,0.6997756958007812,0.6099379658699036,0.7110579013824463,0.49301043152809143,0.6671969890594482,0.5285934209823608,0.6554048657417297,0.584238588809967,0.7584847807884216,0.6468775272369385,0.7749266028404236,0.5332478880882263,0.7311655282974243,0.5570489168167114,0.7157522439956665,0.6093572378158569,0.7986190319061279,0.6922131776809692,0.8136247396469116,0.6005135178565979,0.7774709463119507,0.6102519035339355,0.7597551345825195,0.6505394577980042,3
0.5377119779586792,0.8748269081115723,0.3632698953151703,0.8053598403930664,0.25263381004333496,0.6838212013244629,0.16448283195495605,0.5686442852020264,0.06895652413368225,0.5208724141120911,0.4050704836845398,0.4993836283683777,0.3617073893547058,0.4676779806613922,0.3506140112876892,0.538508415222168,0.36371883749961853,0.589699923992157,0.5170544981956482,0.48784005641937256,0.46548256278038025,0.4769686162471771,0.44771113991737366,0.542185366153717,0.464039146900177,0.5880646705627441,0.6188734769821167,0.5177849531173706,0.5658892393112183,0.48824357986450195,0.5473059415817261,0.5412176847457886,0.5581828951835632,0.5938000082969666,0.702810525894165,0.5634337663650513,0.6703690886497498,0.5134477019309998,0.6485882997512817,0.5512760281562805,0.6520467400550842,0.5941781997680664,3
0.3998822271823883,0.8910444974899292,0.2570328116416931,0.7117881178855896,0.23284737765789032,0.5064417123794556,0.2340773046016693,0.33029016852378845,0.2016909271478653,0.19553649425506592,0.46584340929985046,0.43488767743110657,0.416733980178833,0.3018473982810974,0.3543553352355957,0.3600981831550598,0.33589160442352295,0.43541544675827026,0.593518853187561,0.4837075173854828,0.5373144149780273,0.34063106775283813,0.46470844745635986,0.3780977725982666,0.449356347322464,0.4411086142063141,0.6770956516265869,0.5571160316467285,0.6474475264549255,0.4000813364982605,0.5805796980857849,0.4154084026813507,0.5575277209281921,0.47430384159088135,0.7318331003189087,0.6341031193733215,0.7398285865783691,0.5010414123535156,0.6902540922164917,0.48153579235076904,0.6696881651878357,0.5007493495941162,3
0.5337391495704651,0.8616406917572021,0.3473547697067261,0.7300668358802795,0.2647317051887512,0.5706202387809753,0.2898363471031189,0.4148302972316742,0.36873000860214233,0.34556880593299866,0.3069226145744324,0.4106426239013672,0.31264328956604004,0.294577956199646,0.3217815160751343,0.3641356825828552,0.3340137004852295,0.43727907538414,0.4457733631134033,0.37952256202697754,0.4407522976398468,0.28798553347587585,0.43781039118766785,0.35961174964904785,0.44636160135269165,0.42764002084732056,0.5770037174224854,0.38841408491134644,0.5525761842727661,0.29531070590019226,0.5444838404655457,0.36122968792915344,0.5457695126533508,0.431819885969162,0.6975235939025879,0.4154505133628845,0.6643732786178589,0.31737226247787476,0.6449602842330933,0.3703499436378479,0.6438756585121155,0.43668925762176514,4
0.5418997406959534,0.9603196382522583,0.39284175634384155,0.8146417140960693,0.3487600088119507,0.661655604839325,0.39629852771759033,0.5595231056213379,0.4775666892528534,0.5390130281448364,0.48869094252586365,0.5356205105781555,0.5067063570022583,0.45247682929039,0.4796198010444641,0.5165042877197266,0.4652630090713501,0.583440899848938,0.6053228378295898,0.5590322017669678,0.6033225655555725,0.4987485110759735,0.5655611753463745,0.552416205406189,0.5500075817108154,0.6168099045753479,0.7009917497634888,0.60764080286026,0.6831380128860474,0.5561615824699402,0.6497211456298828,0.6041474342346191,0.6334462761878967,0.664156973361969,0.7688316702842712,0.6704197525978088,0.7585332989692688,0.6258641481399536,0.7235527634620667,0.6641761064529419,0.7037420272827148,0.7137852907180786,4
0.5793415307998657,0.695239782333374,0.42937636375427246,0.5967633724212646,0.3829896152019501,0.47415435314178467,0.3986671566963196,0.3445623517036438,0.4280940294265747,0.26577672362327576,0.4651549458503723,0.4062773585319519,0.46203404664993286,0.2873040437698364,0.4485202133655548,0.34521082043647766,0.4477752447128296,0.4052651822566986,0.5683621764183044,0.40849483013153076,0.5497998595237732,0.2942853569984436,0.5249346494674683,0.3373398184776306,0.5237030982971191,0.387388676404953,0.6571318507194519,0.4233701527118683,0.628494918346405,0.3163376450538635,0.6029987335205078,0.35263386368751526,0.6012221574783325,0.40038689970970154,0.7279295921325684,0.44751057028770447,0.6989783644676208,0.35607993602752686,0.6738606095314026,0.38204053044319153,0.6721801161766052,0.4230879247188568,4
0.6655357480049133,0.7626457214355469,0.492175430059433,0.730000913143158,0.407953143119812,0.5876104235649109,0.4263094663619995,0.43340685963630676,0.5001789331436157,0.3426976203918457,0.5581204891204834,0.5999840497970581,0.5631446838378906,0.39828357100486755,0.5333396792411804,0.4637981057167053,0.524366021156311,0.546157956123352,0.6793302297592163,0.5984538197517395,0.6570947170257568,0.4105605483055115,0.6340330243110657,0.47801876068115234,0.637015700340271,0.5599673390388489,0.7701241970062256,0.5971815586090088,0.7489153146743774,0.42383724451065063,0.7341113090515137,0.49122917652130127,0.7408400177955627,0.5716848969459534,0.8403197526931763,0.5972899794578552,0.8240342140197754,0.48429352045059204,0.8203394412994385,0.5354411602020264,0.8329590559005737,0.597898006439209,4
0.5582069754600525,0.7326076030731201,0.39053529500961304,0.607261598110199,0.32664456963539124,0.4611961841583252,0.337327241897583,0.3139360547065735,0.39917075634002686,0.2444971799850464,0.49769657850265503,0.41636866331100464,0.4528607130050659,0.24354088306427002,0.42186087369918823,0.29843491315841675,0.4205489158630371,0.35938560962677,0.6261460781097412,0.4232197701931,0.5585900545120239,0.24052831530570984,0.5229889154434204,0.28518739342689514,0.5241596698760986,0.34740230441093445,0.7226682305335999,0.4347807466983795,0.6571452617645264,0.26058998703956604,0.6202392578125,0.29464253783226013,0.6135621070861816,0.3528708815574646,0.791681170463562,0.45372647047042847,0.7368782758712769,0.3026135563850403,0.7067477107048035,0.3242369294166565,0.706070601940155,0.3773666024208069,4
0.5492392182350159,0.708130955696106,0.3530201315879822,0.6004543900489807,0.27624189853668213,0.44626516103744507,0.32805904746055603,0.3089468479156494,0.42343437671661377,0.24939905107021332,0.272489458322525,0.30493658781051636,0.34007805585861206,0.16028732061386108,0.3889026641845703,0.21030111610889435,0.39175790548324585,0.2832535207271576,0.41596001386642456,0.28359657526016235,0.4752542972564697,0.14136752486228943,0.5094530582427979,0.209696426987648,0.5054110288619995,0.2824782133102417,0.5662479400634766,0.29566484689712524,0.6046086549758911,0.1692681610584259,0.6251823902130127,0.2388126403093338,0.6223926544189453,0.31378859281539917,0.7122041583061218,0.3312613070011139,0.7223723530769348,0.22850535809993744,0.7321389317512512,0.2814543545246124,0.7346636056900024,0.33833348751068115,4
0.5814477205276489,0.8460407257080078,0.31633085012435913,0.7777537107467651,0.20687735080718994,0.5489547252655029,0.24240201711654663,0.31418031454086304,0.3314540982246399,0.1877317726612091,0.4200061857700348,0.4897446632385254,0.4191782474517822,0.2197333127260208,0.37828487157821655,0.3162888288497925,0.3774959444999695,0.4216349124908447,0.6145725846290588,0.4857395887374878,0.5667065382003784,0.2417142242193222,0.5072951316833496,0.3303631544113159,0.5136400461196899,0.42479074001312256,0.7554689049720764,0.5065999627113342,0.7072317600250244,0.27737200260162354,0.6517128944396973,0.35809555649757385,0.6563172340393066,0.4520362615585327,0.8629823923110962,0.5422200560569763,0.83688884973526,0.3831162452697754,0.7882879972457886,0.43765050172805786,0.7865593433380127,0.5025995969772339,4
0.6771472096443176,0.877602756023407,0.46734505891799927,0.7258886694908142,0.3700694143772125,0.5339868068695068,0.4277619421482086,0.3655320107936859,0.5338440537452698,0.27352070808410645,0.2841474413871765,0.4018949270248413,0.4071001410484314,0.1841876208782196,0.47973084449768066,0.2512455880641937,0.4729929566383362,0.3399975299835205,0.44364503026008606,0.38234177231788635,0.5595805644989014,0.16763091087341309,0.6213229894638062,0.25305140018463135,0.6017401814460754,0.34250882267951965,0.6220093965530396,0.3848964273929596,0.7113598585128784,0.18933960795402527,0.7543848752975464,0.28301891684532166,0.7361175417900085,0.37381279468536377,0.7976787090301514,0.41199514269828796,0.8440414667129517,0.2519616484642029,0.8620681166648865,0.33433979749679565,0.8535029888153076,0.41538357734680176,4
0.5697277188301086,0.9180696606636047,0.4201804995536804,0.8238383531570435,0.3576100766658783,0.7028536796569824,0.36598750948905945,0.568246066570282,0.40081045031547546,0.47435420751571655,0.49344801902770996,0.5623685121536255,0.5392482280731201,0.3857935070991516,0.5666119456291199,0.2975533902645111,0.5933778882026672,0.23108062148094177,0.5949662327766418,0.5646520256996155,0.6340968608856201,0.3716007173061371,0.6587629318237305,0.26935067772865295,0.6816087365150452,0.19756823778152466,0.6737297177314758,0.5920137763023376,0.7033748626708984,0.4177597463130951,0.7225506901741028,0.3216841220855713,0.7370396852493286,0.2501121759414673,0.7372409701347351,0.6372922658920288,0.7573422193527222,0.5039204955101013,0.7648621201515198,0.43034350872039795,0.7689068913459778,0.3711591958999634,5
0.6917521953582764,0.9239314794540405,0.5320598483085632,0.8440203070640564,0.4627208113670349,0.7157591581344604,0.4557197690010071,0.5715721249580383,0.4544524550437927,0.4626466929912567,0.5870122909545898,0.595585823059082,0.6137759685516357,0.3760806620121002,0.6347783803939819,0.2622484564781189,0.6558889150619507,0.17665383219718933,0.696044921875,0.5919163227081299,0.7201452851295471,0.35037875175476074,0.7358666062355042,0.2186480462551117,0.7520807981491089,0.12246420979499817,0.7833700180053711,0.6084873080253601,0.8029280304908752,0.3984007239341736,0.8139388561248779,0.27692773938179016,0.825533926486969,0.18951115012168884,0.8497018814086914,0.6368201971054077,0.8581739664077759,0.4798242747783661,0.861784815788269,0.3833068013191223,0.8683240413665771,0.30623137950897217,5
0.5058549642562866,0.9445059299468994,0.3334982991218567,0.833113431930542,0.29397857189178467,0.6712512969970703,0.2919248044490814,0.5249412655830383,0.2703840434551239,0.4145970344543457,0.376593679189682,0.5559513568878174,0.3860149085521698,0.32769060134887695,0.4062913656234741,0.1990358829498291,0.43202531337738037,0.10969474911689758,0.5075547099113464,0.5544643402099609,0.5056397914886475,0.2994775176048279,0.5059537887573242,0.1607380211353302,0.5093361735343933,0.06174933910369873,0.6141499876976013,0.5767418146133423,0.6226016283035278,0.34425997734069824,0.6130403280258179,0.21284091472625732,0.603617250919342,0.12698432803153992,0.6891117691993713,0.619423508644104,0.6955674290657043,0.44717270135879517,0.683214008808136,0.3485528528690338,0.6682555079460144,0.28138983249664307,5
0.26191121339797974,0.9431602954864502,0.15187305212020874,0.7436747550964355,0.15030437707901,0.5732709169387817,0.20919489860534668,0.4288502037525177,0.23700720071792603,0.30575695633888245,0.2837163209915161,0.5277824997901917,0.3958916962146759,0.30407917499542236,0.47803619503974915,0.17375144362449646,0.5504482388496399,0.07910346984863281,0.40590396523475647,0.5817431211471558,0.5243980884552002,0.3318796157836914,0.6072970628738403,0.1724804937839508,0.6749827265739441,0.05469471216201782,0.5027962923049927,0.6500391960144043,0.6036266088485718,0.4329552948474884,0.6684450507164001,0.28234800696372986,0.7186110615730286,0.16592156887054443,0.5728092789649963,0.726554274559021,0.659266471862793,0.5700500011444092,0.7026975154876709,0.46461984515190125,0.7392991781234741,0.374808132648468,5
0.5115758180618286,0.9190704822540283,0.3529355525970459,0.7983583807945251,0.2746376395225525,0.665388286113739,0.27147847414016724,0.5307033658027649,0.30228954553604126,0.4400615692138672,0.3589521646499634,0.5168931484222412,0.36331069469451904,0.30543163418769836,0.37244364619255066,0.19824478030204773,0.3841661810874939,0.1143169105052948,0.47338080406188965,0.5060490965843201,0.470451295375824,0.26005545258522034,0.47293606400489807,0.133082777261734,0.48103541135787964,0.04173994064331055,0.5714029669761658,0.5172526836395264,0.5640071630477905,0.29206159710884094,0.5639576315879822,0.16623392701148987,0.5605524778366089,0.07709971070289612,0.651033878326416,0.5477488040924072,0.6447238922119141,0.36955851316452026,0.6338567733764648,0.26946592330932617,0.6227987408638,0.19467902183532715,5
0.6155796647071838,0.9970047473907471,0.5040050148963928,0.8817812204360962,0.43975138664245605,0.7449004650115967,0.3909611105918884,0.6263104677200317,0.34296679496765137,0.5412268042564392,0.5092822909355164,0.643710732460022,0.4760478734970093,0.44915467500686646,0.4650181829929352,0.3635933995246887,0.4616369903087616,0.29974591732025146,0.5850384831428528,0.6329358816146851,0.5726462602615356,0.4171413779258728,0.5728928446769714,0.31237703561782837,0.577917218208313,0.23662224411964417,0.6636157035827637,0.6470515727996826,0.6773940324783325,0.45904168486595154,0.6980716586112976,0.3577660918235779,0.7183388471603394,0.2821505069732666,0.7390317916870117,0.6819843053817749,0.7983521223068237,0.5749092698097229,0.8451758623123169,0.5116413831710815,0.8880380392074585,0.4628564417362213,5
0.6487273573875427,0.922094464302063,0.4668806195259094,0.9019732475280762,0.31886518001556396,0.8242020606994629,0.1878906488418579,0.7509472966194153,0.0709485411643982,0.7488025426864624,0.3747486472129822,0.6282362341880798,0.25784140825271606,0.4788339138031006,0.19489043951034546,0.3825432062149048,0.1576021909713745,0.3030809462070465,0.467201828956604,0.57765793800354,0.39874792098999023,0.3931373953819275,0.36413073539733887,0.27190548181533813,0.35115543007850647,0.17898884415626526,0.5576643943786621,0.5681844353675842,0.5262686014175415,0.39973875880241394,0.5209548473358154,0.2788190245628357,0.5250747203826904,0.18983855843544006,0.6402493715286255,0.5834692120552063,0.6846298575401306,0.4772692918777466,0.720771074295044,0.3997824490070343,0.7548160552978516,0.333481103181839,5
0.5812698602676392,0.9262449145317078,0.4012070596218109,0.7983473539352417,0.31998351216316223,0.6349311470985413,0.3134750723838806,0.45696768164634705,0.3049317002296448,0.33503803610801697,0.516045093536377,0.5186458230018616,0.5692492723464966,0.2905300557613373,0.6041592359542847,0.16799962520599365,0.6415624618530273,0.07550323009490967,0.6292278170585632,0.543490469455719,0.7131685018539429,0.311784952878952,0.7613017559051514,0.1779651641845703,0.8022445440292358,0.08345860242843628,0.709412693977356,0.580376148223877,0.7817695140838623,0.3755275011062622,0.8175598382949829,0.24657747149467468,0.8502427935600281,0.1574622392654419,0.7622177600860596,0.6279386878013611,0.8326135873794556,0.4782108962535858,0.8713945150375366,0.3888394236564636,0.9093082547187805,0.3206855058670044,5
0.40455442667007446,1.006891131401062,0.2758480906486511,0.9128307700157166,0.2079906463623047,0.7736086249351501,0.18146544694900513,0.6394383907318115,0.13061565160751343,0.5572988986968994,0.34611862897872925,0.6398620009422302,0.33159133791923523,0.46253788471221924,0.3259509801864624,0.36963093280792236,0.32756590843200684,0.2966022491455078,0.4453658163547516,0.6477183699607849,0.4572935700416565,0.4452502429485321,0.46364426612854004,0.33690524101257324,0.473533034324646,0.2605113089084625,0.5240433812141418,0.6820248365402222,0.566199004650116,0.5102855563163757,0.5898226499557495,0.4111793637275696,0.6066243648529053,0.33826136589050293,0.5833431482315063,0.7355432510375977,0.6456812024116516,0.6328818798065186,0.6822603940963745,0.5706204771995544,0.7139762043952942,0.5188838243484497,5
0.2930651903152466,0.8826054334640503,0.19825339317321777,0.7548764944076538,0.186272531747818,0.6095300912857056,0.20667928457260132,0.4870731234550476,0.2112433910369873,0.39710405468940735,0.2617911696434021,0.5225804448127747,0.305248886346817,0.3448384404182434,0.33194684982299805,0.25011488795280457,0.35683485865592957,0.18288394808769226,0.34394603967666626,0.5389953851699829,0.3840509057044983,0.34232109785079956,0.41169431805610657,0.23167067766189575,0.4359879493713379,0.1550416350364685,0.4185948669910431,0.5715612769126892,0.45288920402526855,0.38871416449546814,0.4734179377555847,0.2872021496295929,0.48551228642463684,0.2134941816329956,0.48499158024787903,0.6186830401420593,0.5124178528785706,0.4737153947353363,0.5243735313415527,0.38670235872268677,0.5284839272499084,0.31790727376937866,5
0.5014170408248901,1.006078839302063,0.4081946611404419,0.9334958791732788,0.36371517181396484,0.8221725821495056,0.3339060842990875,0.7243515253067017,0.2771854102611542,0.6698606014251709,0.4584968090057373,0.707282304763794,0.4471151828765869,0.549738347530365,0.4386306405067444,0.47907936573028564,0.43370065093040466,0.42755645513534546,0.5386840105056763,0.7029569149017334,0.5639702677726746,0.5376821756362915,0.5744506120681763,0.43680503964424133,0.5794843435287476,0.36346280574798584,0.6039183735847473,0.727216362953186,0.6613398194313049,0.5867113471031189,0.6872316598892212,0.49685266613960266,0.7087173461914062,0.4278915524482727,0.6544830799102783,0.7727158069610596,0.7289156913757324,0.684295654296875,0.7821755409240723,0.6248235106468201,0.8320246338844299,0.5784026980400085,5
0.6672976016998291,0.963622510433197,0.49350059032440186,0.9492248296737671,0.3460545539855957,0.8888518810272217,0.2082149088382721,0.8178960084915161,0.09522807598114014,0.7826077342033386,0.3982539176940918,0.6279608011245728,0.3089418113231659,0.46596208214759827,0.24502086639404297,0.3433206081390381,0.2016654908657074,0.24486887454986572,0.5172508955001831,0.578749418258667,0.4733101427555084,0.41954532265663147,0.43845126032829285,0.295076847076416,0.4126492142677307,0.2014608383178711,0.6367231011390686,0.5769054889678955,0.6212477087974548,0.41371405124664307,0.6041897535324097,0.30249279737472534,0.5978708863258362,0.22140926122665405,0.7444894909858704,0.6033958792686462,0.7844372987747192,0.4789842367172241,0.8126901388168335,0.38551953434944153,0.8434469103813171,0.30547305941581726,5
0.5361770987510681,0.9504579901695251,0.3968569040298462,0.785958468914032,0.3563147187232971,0.6094052791595459,0.3481229841709137,0.46386438608169556,0.3062193989753723,0.38052040338516235,0.47250494360923767,0.5235855579376221,0.5097653865814209,0.32377758622169495,0.5252529382705688,0.21528857946395874,0.5475820899009705,0.1329481601715088,0.5752941966056824,0.5393953919410706,0.6289697885513306,0.3297206163406372,0.6575368046760559,0.20354121923446655,0.6923072338104248,0.11022722721099854,0.6567354202270508,0.5790503621101379,0.7417934536933899,0.4011106789112091,0.7873110175132751,0.29310986399650574,0.8271974325180054,0.20825839042663574,0.7178313136100769,0.6384524703025818,0.8048619031906128,0.5346658825874329,0.8558683395385742,0.4723430275917053,0.9013825058937073,0.41777777671813965,5
0.7454904317855835,0.8387414216995239,0.5274614095687866,0.7871937155723572,0.35750889778137207,0.6804776191711426,0.2136518955230713,0.6098901033401489,0.09194239974021912,0.5887652039527893,0.4953153133392334,0.4033372402191162,0.4029242992401123,0.25556710362434387,0.34880220890045166,0.16034188866615295,0.31343865394592285,0.08800482749938965,0.5953947901725769,0.37597277760505676,0.5721533298492432,0.20797759294509888,0.547166109085083,0.1094849705696106,0.5329667925834656,0.03533416986465454,0.6977350115776062,0.39282339811325073,0.7067586183547974,0.2513490319252014,0.7000189423561096,0.16268619894981384,0.6930541396141052,0.09231075644493103,0.7920167446136475,0.44084835052490234,0.8416652679443359,0.36842066049575806,0.8706981539726257,0.3187524080276489,0.8986868858337402,0.2741553783416748,5
0.5762150287628174,0.8934611678123474,0.3871116638183594,0.8435516953468323,0.25596335530281067,0.7266846299171448,0.1642974615097046,0.6135201454162598,0.08170419931411743,0.5703306198120117,0.4019595980644226,0.5178657174110413,0.34402382373809814,0.3209169805049896,0.316058874130249,0.20966193079948425,0.3041454553604126,0.1197269856929779,0.5074199438095093,0.4979686141014099,0.4983428418636322,0.2962743937969208,0.5064737796783447,0.17764851450920105,0.5324534177780151,0.08710715174674988,0.5837035775184631,0.5128621459007263,0.5947545766830444,0.34679579734802246,0.6190874576568604,0.23888206481933594,0.6531646847724915,0.1549445390701294,0.6366122961044312,0.5486835241317749,0.6844863891601562,0.45709094405174255,0.721916139125824,0.3954474925994873,0.7619889974594116,0.33866649866104126,5
0.6784713268280029,0.7212098240852356,0.4601297974586487,0.6654796600341797,0.3136652112007141,0.5580512285232544,0.18718470633029938,0.4949965178966522,0.07671165466308594,0.4719127118587494,0.4510396122932434,0.3390359878540039,0.37312793731689453,0.20448815822601318,0.3266652226448059,0.12175595760345459,0.2971802353858948,0.059454530477523804,0.5376859903335571,0.32837235927581787,0.48542776703834534,0.18969321250915527,0.4457947909832001,0.11123877763748169,0.4269661009311676,0.045925796031951904,0.614908754825592,0.34759971499443054,0.5880516767501831,0.23176872730255127,0.5692058205604553,0.15118765830993652,0.552577018737793,0.08848342299461365,0.672465443611145,0.3831779956817627,0.6857879161834717,0.3017514646053314,0.6977736949920654,0.2508796751499176,0.7086242437362671,0.20632779598236084,5
0.5598453283309937,0.8802601099014282,0.3933526575565338,0.8148964047431946,0.2813074588775635,0.6918778419494629,0.1801740527153015,0.5922693610191345,0.08349490165710449,0.5769141316413879,0.4314192235469818,0.5000842213630676,0.37032651901245117,0.31197285652160645,0.3417612910270691,0.19497282803058624,0.32713669538497925,0.10520309209823608,0.5532686710357666,0.48744258284568787,0.574316143989563,0.27884599566459656,0.5912644863128662,0.14962610602378845,0.618071436882019,0.056400448083877563,0.6474583148956299,0.519758939743042,0.7095210552215576,0.3502300977706909,0.7533338069915771,0.23521441221237183,0.8017680644989014,0.14927631616592407,0.7123754024505615,0.5766190886497498,0.8090658187866211,0.4932112693786621,0.8727110624313354,0.4373881220817566,0.9323499202728271,0.3853996992111206,5
0.47216498851776123,0.8861956000328064,0.38597506284713745,0.7339608669281006,0.33882033824920654,0.5924955606460571,0.3348599076271057,0.46978992223739624,0.3389052152633667,0.3752928674221039,0.4893428385257721,0.510084867477417,0.5313745737075806,0.33851349353790283,0.5622170567512512,0.25162261724472046,0.5870615243911743,0.1918688416481018,0.5776394605636597,0.5352233648300171,0.6660115122795105,0.3649785816669464,0.7218174934387207,0.2838325500488281,0.7664535641670227,0.23016628623008728,0.6481370329856873,0.5799397826194763,0.7367812395095825,0.43758317828178406,0.7878729104995728,0.3563031554222107,0.8285168409347534,0.29857486486434937,0.704800009727478,0.6425938010215759,0.7979940176010132,0.573495626449585,0.8545467853546143,0.5229285955429077,0.9050630331039429,0.48021018505096436,5
0.4655873775482178,0.9774613380432129,0.3347509503364563,0.920341968536377,0.24821579456329346,0.8210831880569458,0.22476264834403992,0.7107394933700562,0.22748392820358276,0.6204224824905396,0.3766825497150421,0.7644956707954407,0.3488043546676636,0.5599809885025024,0.33577674627304077,0.44923150539398193,0.3322027325630188,0.3654056787490845,0.47673362493515015,0.7805485725402832,0.5019311904907227,0.5428757667541504,0.5243053436279297,0.4146226644515991,0.5481489300727844,0.32603007555007935,0.5648358464241028,0.7922236919403076,0.5919362902641296,0.5775415897369385,0.5949703454971313,0.45844921469688416,0.5948613286018372,0.3740467429161072,0.6405030488967896,0.8058185577392578,0.710808515548706,0.6661693453788757,0.7434417009353638,0.5861767530441284,0.7688083052635193,0.5188454985618591,5
0.5715518593788147,0.9362362027168274,0.4397258162498474,0.816233217716217,0.36389029026031494,0.7015537619590759,0.3179950416088104,0.5942676663398743,0.2777198553085327,0.5191255807876587,0.4519015848636627,0.5726720094680786,0.4023915231227875,0.4052180349826813,0.3731672465801239,0.3041365444660187,0.3562496602535248,0.22322478890419006,0.5361111164093018,0.5633182525634766,0.5303573608398438,0.38413509726524353,0.5330014228820801,0.2795477509498596,0.5412418842315674,0.20348769426345825,0.6235814094543457,0.5777912139892578,0.634303092956543,0.40308877825737,0.6433104872703552,0.2947900593280792,0.6574714779853821,0.21169304847717285,0.7140962481498718,0.612058162689209,0.7601734399795532,0.46497154235839844,0.7881114482879639,0.38580766320228577,0.818830132484436,0.3137771189212799,5
0.556609570980072,1.0114350318908691,0.48029932379722595,0.8764486312866211,0.4646007716655731,0.7430427670478821,0.4861142337322235,0.6350992918014526,0.5368554592132568,0.5666459202766418,0.561926007270813,0.6729629635810852,0.6369855403900146,0.5299534201622009,0.6840981245040894,0.47642895579338074,0.7207780480384827,0.4415666460990906,0.6313239932060242,0.7006590962409973,0.7147389650344849,0.5491341948509216,0.7613986730575562,0.4896203577518463,0.7960344552993774,0.44677695631980896,0.6896219849586487,0.7387394309043884,0.7689546942710876,0.6039424538612366,0.8096966743469238,0.5366793274879456,0.8386245965957642,0.4874197542667389,0.7421613335609436,0.7874068021774292,0.8078606724739075,0.6840633153915405,0.8376854062080383,0.625482976436615,0.8554922342300415,0.5781482458114624,5
0.5774445533752441,0.9193409085273743,0.48105746507644653,0.8025608062744141,0.41508734226226807,0.6891012787818909,0.357934832572937,0.5962461233139038,0.2955072820186615,0.5405358076095581,0.5203831195831299,0.6076326370239258,0.5004631876945496,0.44987544417381287,0.4934921860694885,0.349738210439682,0.4942436218261719,0.2706110179424286,0.6120911836624146,0.6110461950302124,0.6398379802703857,0.4424574077129364,0.6642556190490723,0.33037829399108887,0.6931043863296509,0.24452000856399536,0.6823698282241821,0.6342697143554688,0.7289503216743469,0.4945638179779053,0.765845537185669,0.3949022889137268,0.7992620468139648,0.31794580817222595,0.7311638593673706,0.6725171804428101,0.8091293573379517,0.6039001941680908,0.8643895983695984,0.5570744276046753,0.9152265191078186,0.5150449872016907,5
0.5931442975997925,0.8143978714942932,0.49149835109710693,0.6876670718193054,0.4238002598285675,0.5654664039611816,0.36955446004867554,0.4675927460193634,0.3170803189277649,0.39852374792099,0.5691714882850647,0.4326585531234741,0.5705807209014893,0.30715271830558777,0.5759324431419373,0.2193748950958252,0.5852800011634827,0.14009591937065125,0.6475974917411804,0.432134211063385,0.6838942766189575,0.3042886257171631,0.7103121876716614,0.21235120296478271,0.7360835671424866,0.13272225856781006,0.7143446803092957,0.45819538831710815,0.7617772817611694,0.34416139125823975,0.7924848198890686,0.2535181939601898,0.8210235834121704,0.1716345250606537,0.7690452337265015,0.5129603743553162,0.8403584361076355,0.434034526348114,0.8857032060623169,0.37841352820396423,0.9301005005836487,0.32370129227638245,5
0.3864680528640747,0.7585837841033936,0.3250871002674103,0.6532723903656006,0.3019287586212158,0.5388493537902832,0.29807889461517334,0.44621366262435913,0.2698938548564911,0.37285521626472473,0.3770487904548645,0.4194510579109192,0.3766065239906311,0.2993021607398987,0.3762929141521454,0.23157921433448792,0.38134342432022095,0.17511296272277832,0.43491023778915405,0.42965370416641235,0.44659537076950073,0.2919609248638153,0.45336857438087463,0.21520620584487915,0.4605196714401245,0.15316802263259888,0.48636090755462646,0.46248602867126465,0.5106345415115356,0.34479445219039917,0.5200239419937134,0.27627116441726685,0.5242692232131958,0.22296971082687378,0.5342318415641785,0.5165889263153076,0.567110002040863,0.43565139174461365,0.5819712281227112,0.38120871782302856,0.5919954776763916,0.332832932472229,5
0.5122817158699036,0.7834411859512329,0.46927347779273987,0.6727427840232849,0.46877074241638184,0.5508331656455994,0.4677770435810089,0.45533543825149536,0.4384689927101135,0.39513200521469116,0.588585615158081,0.47982290387153625,0.6174876093864441,0.3564980924129486,0.627955436706543,0.2834984064102173,0.6351755857467651,0.2271827757358551,0.6511802077293396,0.5051244497299194,0.7153704166412354,0.3883509039878845,0.7463831901550293,0.3207210898399353,0.7701767086982727,0.2709483504295349,0.692642331123352,0.5525973439216614,0.7730268239974976,0.4770965278148651,0.8214322328567505,0.4209931194782257,0.8645012378692627,0.3768077492713928,0.7097362279891968,0.615380048751831,0.7646273970603943,0.5870261192321777,0.792878270149231,0.5837528109550476,0.8204693794250488,0.5835080146789551,5
0.3518810272216797,0.7700467109680176,0.33253780007362366,0.6855628490447998,0.34092605113983154,0.5970761775970459,0.3584394156932831,0.5276814699172974,0.3608553409576416,0.4735499322414398,0.3657560646533966,0.4799652099609375,0.3765145242214203,0.3402642607688904,0.3907298743724823,0.2583669126033783,0.40183156728744507,0.1999891698360443,0.4096927046775818,0.4816490709781647,0.4238855242729187,0.3235622048377991,0.43764978647232056,0.2339051067829132,0.44578495621681213,0.16272827982902527,0.45105504989624023,0.5074186325073242,0.4799506664276123,0.3772116005420685,0.49871742725372314,0.28783202171325684,0.5109708905220032,0.21883851289749146,0.491862952709198,0.5577332377433777,0.5496258735656738,0.49388283491134644,0.5907153487205505,0.4460251033306122,0.6238992810249329,0.399269700050354,5
0.3481214940547943,0.7650679349899292,0.3080018162727356,0.6634087562561035,0.30229002237319946,0.5493426322937012,0.30174520611763,0.4652097225189209,0.27800947427749634,0.4072589874267578,0.3882848918437958,0.4722226560115814,0.4187220633029938,0.371585875749588,0.43910089135169983,0.3150627017021179,0.45736217498779297,0.26734650135040283,0.4319167137145996,0.48928937315940857,0.46562308073043823,0.3786243796348572,0.48554784059524536,0.3169177770614624,0.5011411309242249,0.26460009813308716,0.4699234664440155,0.5196250677108765,0.5044074058532715,0.41791120171546936,0.5211454629898071,0.35957634449005127,0.5320184826850891,0.31216710805892944,0.507513701915741,0.5636373162269592,0.5453278422355652,0.4911958575248718,0.5652356147766113,0.4423871636390686,0.5794327855110168,0.3997918367385864,5
