0.5365142822265625,0.902258038520813,0
0.5365142822265625,0.902258038520813,0,0.37455227971076965,0.8303547501564026,0
0.5365142822265625,0.902258038520813,0,0.37455227971076965,0.8303547501564026,0,0.2681582570075989,0.7187703251838684,0
0.5365142822265625,0.902258038520813,0,0.37455227971076965,0.8303547501564026,0,0.2681582570075989,0.7187703251838684,0,0.191116601228714,0.6105569005012512,0
0.5365142822265625,0.902258038520813,0,0.37455227971076965,0.8303547501564026,0,0.2681582570075989,0.7187703251838684,0,0.191116601228714,0.6105569005012512,0,0.12479424476623535,0.5383365154266357,0
0.5365142822265625,0.902258038520813,0,0.37455227971076965,0.8303547501564026,0,0.2681582570075989,0.7187703251838684,0,0.191116601228714,0.6105569005012512,0,0.12479424476623535,0.5383365154266357,0,0.40775197744369507,0.5416512489318848,0
0.5365142822265625,0.902258038520813,0,0.37455227971076965,0.8303547501564026,0,0.2681582570075989,0.7187703251838684,0,0.191116601228714,0.6105569005012512,0,0.12479424476623535,0.5383365154266357,0,0.40775197744369507,0.5416512489318848,0,0.359822154045105,0.36191433668136597,0
0.5365142822265625,0.902258038520813,0,0.37455227971076965,0.8303547501564026,0,0.2681582570075989,0.7187703251838684,0,0.191116601228714,0.6105569005012512,0,0.12479424476623535,0.5383365154266357,0,0.40775197744369507,0.5416512489318848,0,0.359822154045105,0.36191433668136597,0,0.3363955020904541,0.25064724683761597,0
0.5365142822265625,0.902258038520813,0,0.37455227971076965,0.8303547501564026,0,0.2681582570075989,0.7187703251838684,0,0.191116601228714,0.6105569005012512,0,0.12479424476623535,0.5383365154266357,0,0.40775197744369507,0.5416512489318848,0,0.359822154045105,0.36191433668136597,0,0.3363955020904541,0.25064724683761597,0,0.32529932260513306,0.1605696678161621,0
0.5365142822265625,0.902258038520813,0,0.37455227971076965,0.8303547501564026,0,0.2681582570075989,0.7187703251838684,0,0.191116601228714,0.6105569005012512,0,0.12479424476623535,0.5383365154266357,0,0.40775197744369507,0.5416512489318848,0,0.359822154045105,0.36191433668136597,0,0.3363955020904541,0.25064724683761597,0,0.32529932260513306,0.1605696678161621,0,0.5136996507644653,0.5313618183135986,0
0.5365142822265625,0.902258038520813,0,0.37455227971076965,0.8303547501564026,0,0.2681582570075989,0.7187703251838684,0,0.191116601228714,0.6105569005012512,0,0.12479424476623535,0.5383365154266357,0,0.40775197744369507,0.5416512489318848,0,0.359822154045105,0.36191433668136597,0,0.3363955020904541,0.25064724683761597,0,0.32529932260513306,0.1605696678161621,0,0.5136996507644653,0.5313618183135986,0,0.5165168642997742,0.32041966915130615,0
0.5365142822265625,0.902258038520813,0,0.37455227971076965,0.8303547501564026,0,0.2681582570075989,0.7187703251838684,0,0.191116601228714,0.6105569005012512,0,0.12479424476623535,0.5383365154266357,0,0.40775197744369507,0.5416512489318848,0,0.359822154045105,0.36191433668136597,0,0.3363955020904541,0.25064724683761597,0,0.32529932260513306,0.1605696678161621,0,0.5136996507644653,0.5313618183135986,0,0.5165168642997742,0.32041966915130615,0,0.525299072265625,0.18733257055282593,0
0.5365142822265625,0.902258038520813,0,0.37455227971076965,0.8303547501564026,0,0.2681582570075989,0.7187703251838684,0,0.191116601228714,0.6105569005012512,0,0.12479424476623535,0.5383365154266357,0,0.40775197744369507,0.5416512489318848,0,0.359822154045105,0.36191433668136597,0,0.3363955020904541,0.25064724683761597,0,0.32529932260513306,0.1605696678161621,0,0.5136996507644653,0.5313618183135986,0,0.5165168642997742,0.32041966915130615,0,0.525299072265625,0.18733257055282593,0,0.537990152835846,0.0836939811706543,0
0.5365142822265625,0.902258038520813,0,0.37455227971076965,0.8303547501564026,0,0.2681582570075989,0.7187703251838684,0,0.191116601228714,0.6105569005012512,0,0.12479424476623535,0.5383365154266357,0,0.40775197744369507,0.5416512489318848,0,0.359822154045105,0.36191433668136597,0,0.3363955020904541,0.25064724683761597,0,0.32529932260513306,0.1605696678161621,0,0.5136996507644653,0.5313618183135986,0,0.5165168642997742,0.32041966915130615,0,0.525299072265625,0.18733257055282593,0,0.537990152835846,0.0836939811706543,0,0.6112970113754272,0.5601716637611389,0
0.5365142822265625,0.902258038520813,0,0.37455227971076965,0.8303547501564026,0,0.2681582570075989,0.7187703251838684,0,0.191116601228714,0.6105569005012512,0,0.12479424476623535,0.5383365154266357,0,0.40775197744369507,0.5416512489318848,0,0.359822154045105,0.36191433668136597,0,0.3363955020904541,0.25064724683761597,0,0.32529932260513306,0.1605696678161621,0,0.5136996507644653,0.5313618183135986,0,0.5165168642997742,0.32041966915130615,0,0.525299072265625,0.18733257055282593,0,0.537990152835846,0.0836939811706543,0,0.6112970113754272,0.5601716637611389,0,0.6523776054382324,0.37187087535858154,0
0.5365142822265625,0.902258038520813,0,0.37455227971076965,0.8303547501564026,0,0.2681582570075989,0.7187703251838684,0,0.191116601228714,0.6105569005012512,0,0.12479424476623535,0.5383365154266357,0,0.40775197744369507,0.5416512489318848,0,0.359822154045105,0.36191433668136597,0,0.3363955020904541,0.25064724683761597,0,0.32529932260513306,0.1605696678161621,0,0.5136996507644653,0.5313618183135986,0,0.5165168642997742,0.32041966915130615,0,0.525299072265625,0.18733257055282593,0,0.537990152835846,0.0836939811706543,0,0.6112970113754272,0.5601716637611389,0,0.6523776054382324,0.37187087535858154,0,0.6854398846626282,0.2447572648525238,0
0.5365142822265625,0.902258038520813,0,0.37455227971076965,0.8303547501564026,0,0.2681582570075989,0.7187703251838684,0,0.191116601228714,0.6105569005012512,0,0.12479424476623535,0.5383365154266357,0,0.40775197744369507,0.5416512489318848,0,0.359822154045105,0.36191433668136597,0,0.3363955020904541,0.25064724683761597,0,0.32529932260513306,0.1605696678161621,0,0.5136996507644653,0.5313618183135986,0,0.5165168642997742,0.32041966915130615,0,0.525299072265625,0.18733257055282593,0,0.537990152835846,0.0836939811706543,0,0.6112970113754272,0.5601716637611389,0,0.6523776054382324,0.37187087535858154,0,0.6854398846626282,0.2447572648525238,0,0.7090937495231628,0.14603304862976074,0
0.5365142822265625,0.902258038520813,0,0.37455227971076965,0.8303547501564026,0,0.2681582570075989,0.7187703251838684,0,0.191116601228714,0.6105569005012512,0,0.12479424476623535,0.5383365154266357,0,0.40775197744369507,0.5416512489318848,0,0.359822154045105,0.36191433668136597,0,0.3363955020904541,0.25064724683761597,0,0.32529932260513306,0.1605696678161621,0,0.5136996507644653,0.5313618183135986,0,0.5165168642997742,0.32041966915130615,0,0.525299072265625,0.18733257055282593,0,0.537990152835846,0.0836939811706543,0,0.6112970113754272,0.5601716637611389,0,0.6523776054382324,0.37187087535858154,0,0.6854398846626282,0.2447572648525238,0,0.7090937495231628,0.14603304862976074,0,0.693452000617981,0.6138976216316223,0
0.5365142822265625,0.902258038520813,0,0.37455227971076965,0.8303547501564026,0,0.2681582570075989,0.7187703251838684,0,0.191116601228714,0.6105569005012512,0,0.12479424476623535,0.5383365154266357,0,0.40775197744369507,0.5416512489318848,0,0.359822154045105,0.36191433668136597,0,0.3363955020904541,0.25064724683761597,0,0.32529932260513306,0.1605696678161621,0,0.5136996507644653,0.5313618183135986,0,0.5165168642997742,0.32041966915130615,0,0.525299072265625,0.18733257055282593,0,0.537990152835846,0.0836939811706543,0,0.6112970113754272,0.5601716637611389,0,0.6523776054382324,0.37187087535858154,0,0.6854398846626282,0.2447572648525238,0,0.7090937495231628,0.14603304862976074,0,0.693452000617981,0.6138976216316223,0,0.7662027478218079,0.46929770708084106,0
0.5365142822265625,0.902258038520813,0,0.37455227971076965,0.8303547501564026,0,0.2681582570075989,0.7187703251838684,0,0.191116601228714,0.6105569005012512,0,0.12479424476623535,0.5383365154266357,0,0.40775197744369507,0.5416512489318848,0,0.359822154045105,0.36191433668136597,0,0.3363955020904541,0.25064724683761597,0,0.32529932260513306,0.1605696678161621,0,0.5136996507644653,0.5313618183135986,0,0.5165168642997742,0.32041966915130615,0,0.525299072265625,0.18733257055282593,0,0.537990152835846,0.0836939811706543,0,0.6112970113754272,0.5601716637611389,0,0.6523776054382324,0.37187087535858154,0,0.6854398846626282,0.2447572648525238,0,0.7090937495231628,0.14603304862976074,0,0.693452000617981,0.6138976216316223,0,0.7662027478218079,0.46929770708084106,0,0.8102512359619141,0.3839603662490845,0
0.5365142822265625,0.902258038520813,0,0.37455227971076965,0.8303547501564026,0,0.2681582570075989,0.7187703251838684,0,0.191116601228714,0.6105569005012512,0,0.12479424476623535,0.5383365154266357,0,0.40775197744369507,0.5416512489318848,0,0.359822154045105,0.36191433668136597,0,0.3363955020904541,0.25064724683761597,0,0.32529932260513306,0.1605696678161621,0,0.5136996507644653,0.5313618183135986,0,0.5165168642997742,0.32041966915130615,0,0.525299072265625,0.18733257055282593,0,0.537990152835846,0.0836939811706543,0,0.6112970113754272,0.5601716637611389,0,0.6523776054382324,0.37187087535858154,0,0.6854398846626282,0.2447572648525238,0,0.7090937495231628,0.14603304862976074,0,0.693452000617981,0.6138976216316223,0,0.7662027478218079,0.46929770708084106,0,0.8102512359619141,0.3839603662490845,0,0.8453489542007446,0.30966928601264954,0
0.17573799192905426,0.5082520842552185,0
0.17573799192905426,0.5082520842552185,0,0.15521864593029022,0.43013620376586914,0
0.17573799192905426,0.5082520842552185,0,0.15521864593029022,0.43013620376586914,0,0.17835351824760437,0.333283007144928,0
0.17573799192905426,0.5082520842552185,0,0.15521864593029022,0.43013620376586914,0,0.17835351824760437,0.333283007144928,0,0.2166123390197754,0.2704775035381317,0
0.17573799192905426,0.5082520842552185,0,0.15521864593029022,0.43013620376586914,0,0.17835351824760437,0.333283007144928,0,0.2166123390197754,0.2704775035381317,0,0.2719244062900543,0.24499166011810303,0
0.17573799192905426,0.5082520842552185,0,0.15521864593029022,0.43013620376586914,0,0.17835351824760437,0.333283007144928,0,0.2166123390197754,0.2704775035381317,0,0.2719244062900543,0.24499166011810303,0,0.256816029548645,0.2910703420639038,0
0.17573799192905426,0.5082520842552185,0,0.15521864593029022,0.43013620376586914,0,0.17835351824760437,0.333283007144928,0,0.2166123390197754,0.2704775035381317,0,0.2719244062900543,0.24499166011810303,0,0.256816029548645,0.2910703420639038,0,0.3104466199874878,0.22516456246376038,0
0.17573799192905426,0.5082520842552185,0,0.15521864593029022,0.43013620376586914,0,0.17835351824760437,0.333283007144928,0,0.2166123390197754,0.2704775035381317,0,0.2719244062900543,0.24499166011810303,0,0.256816029548645,0.2910703420639038,0,0.3104466199874878,0.22516456246376038,0,0.3470386862754822,0.1834055483341217,0
0.17573799192905426,0.5082520842552185,0,0.15521864593029022,0.43013620376586914,0,0.17835351824760437,0.333283007144928,0,0.2166123390197754,0.2704775035381317,0,0.2719244062900543,0.24499166011810303,0,0.256816029548645,0.2910703420639038,0,0.3104466199874878,0.22516456246376038,0,0.3470386862754822,0.1834055483341217,0,0.3833237290382385,0.15075136721134186,0
0.17573799192905426,0.5082520842552185,0,0.15521864593029022,0.43013620376586914,0,0.17835351824760437,0.333283007144928,0,0.2166123390197754,0.2704775035381317,0,0.2719244062900543,0.24499166011810303,0,0.256816029548645,0.2910703420639038,0,0.3104466199874878,0.22516456246376038,0,0.3470386862754822,0.1834055483341217,0,0.3833237290382385,0.15075136721134186,0,0.29027754068374634,0.3192347586154938,0
0.17573799192905426,0.5082520842552185,0,0.15521864593029022,0.43013620376586914,0,0.17835351824760437,0.333283007144928,0,0.2166123390197754,0.2704775035381317,0,0.2719244062900543,0.24499166011810303,0,0.256816029548645,0.2910703420639038,0,0.3104466199874878,0.22516456246376038,0,0.3470386862754822,0.1834055483341217,0,0.3833237290382385,0.15075136721134186,0,0.29027754068374634,0.3192347586154938,0,0.31412339210510254,0.2596946954727173,0
0.17573799192905426,0.5082520842552185,0,0.15521864593029022,0.43013620376586914,0,0.17835351824760437,0.333283007144928,0,0.2166123390197754,0.2704775035381317,0,0.2719244062900543,0.24499166011810303,0,0.256816029548645,0.2910703420639038,0,0.3104466199874878,0.22516456246376038,0,0.3470386862754822,0.1834055483341217,0,0.3833237290382385,0.15075136721134186,0,0.29027754068374634,0.3192347586154938,0,0.31412339210510254,0.2596946954727173,0,0.2607714533805847,0.30727195739746094,0
0.17573799192905426,0.5082520842552185,0,0.15521864593029022,0.43013620376586914,0,0.17835351824760437,0.333283007144928,0,0.2166123390197754,0.2704775035381317,0,0.2719244062900543,0.24499166011810303,0,0.256816029548645,0.2910703420639038,0,0.3104466199874878,0.22516456246376038,0,0.3470386862754822,0.1834055483341217,0,0.3833237290382385,0.15075136721134186,0,0.29027754068374634,0.3192347586154938,0,0.31412339210510254,0.2596946954727173,0,0.2607714533805847,0.30727195739746094,0,0.2258712351322174,0.357674241065979,0
0.17573799192905426,0.5082520842552185,0,0.15521864593029022,0.43013620376586914,0,0.17835351824760437,0.333283007144928,0,0.2166123390197754,0.2704775035381317,0,0.2719244062900543,0.24499166011810303,0,0.256816029548645,0.2910703420639038,0,0.3104466199874878,0.22516456246376038,0,0.3470386862754822,0.1834055483341217,0,0.3833237290382385,0.15075136721134186,0,0.29027754068374634,0.3192347586154938,0,0.31412339210510254,0.2596946954727173,0,0.2607714533805847,0.30727195739746094,0,0.2258712351322174,0.357674241065979,0,0.3196604549884796,0.35511207580566406,0
0.17573799192905426,0.5082520842552185,0,0.15521864593029022,0.43013620376586914,0,0.17835351824760437,0.333283007144928,0,0.2166123390197754,0.2704775035381317,0,0.2719244062900543,0.24499166011810303,0,0.256816029548645,0.2910703420639038,0,0.3104466199874878,0.22516456246376038,0,0.3470386862754822,0.1834055483341217,0,0.3833237290382385,0.15075136721134186,0,0.29027754068374634,0.3192347586154938,0,0.31412339210510254,0.2596946954727173,0,0.2607714533805847,0.30727195739746094,0,0.2258712351322174,0.357674241065979,0,0.3196604549884796,0.35511207580566406,0,0.33769524097442627,0.29623204469680786,0
0.17573799192905426,0.5082520842552185,0,0.15521864593029022,0.43013620376586914,0,0.17835351824760437,0.333283007144928,0,0.2166123390197754,0.2704775035381317,0,0.2719244062900543,0.24499166011810303,0,0.256816029548645,0.2910703420639038,0,0.3104466199874878,0.22516456246376038,0,0.3470386862754822,0.1834055483341217,0,0.3833237290382385,0.15075136721134186,0,0.29027754068374634,0.3192347586154938,0,0.31412339210510254,0.2596946954727173,0,0.2607714533805847,0.30727195739746094,0,0.2258712351322174,0.357674241065979,0,0.3196604549884796,0.35511207580566406,0,0.33769524097442627,0.29623204469680786,0,0.2793038487434387,0.34167712926864624,0
0.17573799192905426,0.5082520842552185,0,0.15521864593029022,0.43013620376586914,0,0.17835351824760437,0.333283007144928,0,0.2166123390197754,0.2704775035381317,0,0.2719244062900543,0.24499166011810303,0,0.256816029548645,0.2910703420639038,0,0.3104466199874878,0.22516456246376038,0,0.3470386862754822,0.1834055483341217,0,0.3833237290382385,0.15075136721134186,0,0.29027754068374634,0.3192347586154938,0,0.31412339210510254,0.2596946954727173,0,0.2607714533805847,0.30727195739746094,0,0.2258712351322174,0.357674241065979,0,0.3196604549884796,0.35511207580566406,0,0.33769524097442627,0.29623204469680786,0,0.2793038487434387,0.34167712926864624,0,0.24361872673034668,0.390159547328949,0
0.17573799192905426,0.5082520842552185,0,0.15521864593029022,0.43013620376586914,0,0.17835351824760437,0.333283007144928,0,0.2166123390197754,0.2704775035381317,0,0.2719244062900543,0.24499166011810303,0,0.256816029548645,0.2910703420639038,0,0.3104466199874878,0.22516456246376038,0,0.3470386862754822,0.1834055483341217,0,0.3833237290382385,0.15075136721134186,0,0.29027754068374634,0.3192347586154938,0,0.31412339210510254,0.2596946954727173,0,0.2607714533805847,0.30727195739746094,0,0.2258712351322174,0.357674241065979,0,0.3196604549884796,0.35511207580566406,0,0.33769524097442627,0.29623204469680786,0,0.2793038487434387,0.34167712926864624,0,0.24361872673034668,0.390159547328949,0,0.34975466132164,0.3998640179634094,0
0.17573799192905426,0.5082520842552185,0,0.15521864593029022,0.43013620376586914,0,0.17835351824760437,0.333283007144928,0,0.2166123390197754,0.2704775035381317,0,0.2719244062900543,0.24499166011810303,0,0.256816029548645,0.2910703420639038,0,0.3104466199874878,0.22516456246376038,0,0.3470386862754822,0.1834055483341217,0,0.3833237290382385,0.15075136721134186,0,0.29027754068374634,0.3192347586154938,0,0.31412339210510254,0.2596946954727173,0,0.2607714533805847,0.30727195739746094,0,0.2258712351322174,0.357674241065979,0,0.3196604549884796,0.35511207580566406,0,0.33769524097442627,0.29623204469680786,0,0.2793038487434387,0.34167712926864624,0,0.24361872673034668,0.390159547328949,0,0.34975466132164,0.3998640179634094,0,0.3754425346851349,0.33612772822380066,0
0.17573799192905426,0.5082520842552185,0,0.15521864593029022,0.43013620376586914,0,0.17835351824760437,0.333283007144928,0,0.2166123390197754,0.2704775035381317,0,0.2719244062900543,0.24499166011810303,0,0.256816029548645,0.2910703420639038,0,0.3104466199874878,0.22516456246376038,0,0.3470386862754822,0.1834055483341217,0,0.3833237290382385,0.15075136721134186,0,0.29027754068374634,0.3192347586154938,0,0.31412339210510254,0.2596946954727173,0,0.2607714533805847,0.30727195739746094,0,0.2258712351322174,0.357674241065979,0,0.3196604549884796,0.35511207580566406,0,0.33769524097442627,0.29623204469680786,0,0.2793038487434387,0.34167712926864624,0,0.24361872673034668,0.390159547328949,0,0.34975466132164,0.3998640179634094,0,0.3754425346851349,0.33612772822380066,0,0.3306727707386017,0.35174620151519775,0
0.17573799192905426,0.5082520842552185,0,0.15521864593029022,0.43013620376586914,0,0.17835351824760437,0.333283007144928,0,0.2166123390197754,0.2704775035381317,0,0.2719244062900543,0.24499166011810303,0,0.256816029548645,0.2910703420639038,0,0.3104466199874878,0.22516456246376038,0,0.3470386862754822,0.1834055483341217,0,0.3833237290382385,0.15075136721134186,0,0.29027754068374634,0.3192347586154938,0,0.31412339210510254,0.2596946954727173,0,0.2607714533805847,0.30727195739746094,0,0.2258712351322174,0.357674241065979,0,0.3196604549884796,0.35511207580566406,0,0.33769524097442627,0.29623204469680786,0,0.2793038487434387,0.34167712926864624,0,0.24361872673034668,0.390159547328949,0,0.34975466132164,0.3998640179634094,0,0.3754425346851349,0.33612772822380066,0,0.3306727707386017,0.35174620151519775,0,0.2911781966686249,0.3851236402988434,0
0.4237546920776367,0.9714215993881226,0
0.4237546920776367,0.9714215993881226,0,0.3167048692703247,0.8092952370643616,0
0.4237546920776367,0.9714215993881226,0,0.3167048692703247,0.8092952370643616,0,0.3393097519874573,0.620435893535614,0
0.4237546920776367,0.9714215993881226,0,0.3167048692703247,0.8092952370643616,0,0.3393097519874573,0.620435893535614,0,0.4481225907802582,0.5220167636871338,0
0.4237546920776367,0.9714215993881226,0,0.3167048692703247,0.8092952370643616,0,0.3393097519874573,0.620435893535614,0,0.4481225907802582,0.5220167636871338,0,0.5338839292526245,0.4800303876399994,0
0.4237546920776367,0.9714215993881226,0,0.3167048692703247,0.8092952370643616,0,0.3393097519874573,0.620435893535614,0,0.4481225907802582,0.5220167636871338,0,0.5338839292526245,0.4800303876399994,0,0.4018677771091461,0.563870370388031,0
0.4237546920776367,0.9714215993881226,0,0.3167048692703247,0.8092952370643616,0,0.3393097519874573,0.620435893535614,0,0.4481225907802582,0.5220167636871338,0,0.5338839292526245,0.4800303876399994,0,0.4018677771091461,0.563870370388031,0,0.3972094655036926,0.32165440917015076,0
0.4237546920776367,0.9714215993881226,0,0.3167048692703247,0.8092952370643616,0,0.3393097519874573,0.620435893535614,0,0.4481225907802582,0.5220167636871338,0,0.5338839292526245,0.4800303876399994,0,0.4018677771091461,0.563870370388031,0,0.3972094655036926,0.32165440917015076,0,0.4079141914844513,0.18827104568481445,0
0.4237546920776367,0.9714215993881226,0,0.3167048692703247,0.8092952370643616,0,0.3393097519874573,0.620435893535614,0,0.4481225907802582,0.5220167636871338,0,0.5338839292526245,0.4800303876399994,0,0.4018677771091461,0.563870370388031,0,0.3972094655036926,0.32165440917015076,0,0.4079141914844513,0.18827104568481445,0,0.43193644285202026,0.08643925189971924,0
0.4237546920776367,0.9714215993881226,0,0.3167048692703247,0.8092952370643616,0,0.3393097519874573,0.620435893535614,0,0.4481225907802582,0.5220167636871338,0,0.5338839292526245,0.4800303876399994,0,0.4018677771091461,0.563870370388031,0,0.3972094655036926,0.32165440917015076,0,0.4079141914844513,0.18827104568481445,0,0.43193644285202026,0.08643925189971924,0,0.5224518179893494,0.5895548462867737,0
0.4237546920776367,0.9714215993881226,0,0.3167048692703247,0.8092952370643616,0,0.3393097519874573,0.620435893535614,0,0.4481225907802582,0.5220167636871338,0,0.5338839292526245,0.4800303876399994,0,0.4018677771091461,0.563870370388031,0,0.3972094655036926,0.32165440917015076,0,0.4079141914844513,0.18827104568481445,0,0.43193644285202026,0.08643925189971924,0,0.5224518179893494,0.5895548462867737,0,0.5658181309700012,0.3572898507118225,0
0.4237546920776367,0.9714215993881226,0,0.3167048692703247,0.8092952370643616,0,0.3393097519874573,0.620435893535614,0,0.4481225907802582,0.5220167636871338,0,0.5338839292526245,0.4800303876399994,0,0.4018677771091461,0.563870370388031,0,0.3972094655036926,0.32165440917015076,0,0.4079141914844513,0.18827104568481445,0,0.43193644285202026,0.08643925189971924,0,0.5224518179893494,0.5895548462867737,0,0.5658181309700012,0.3572898507118225,0,0.5961233973503113,0.22693213820457458,0
0.4237546920776367,0.9714215993881226,0,0.3167048692703247,0.8092952370643616,0,0.3393097519874573,0.620435893535614,0,0.4481225907802582,0.5220167636871338,0,0.5338839292526245,0.4800303876399994,0,0.4018677771091461,0.563870370388031,0,0.3972094655036926,0.32165440917015076,0,0.4079141914844513,0.18827104568481445,0,0.43193644285202026,0.08643925189971924,0,0.5224518179893494,0.5895548462867737,0,0.5658181309700012,0.3572898507118225,0,0.5961233973503113,0.22693213820457458,0,0.6338300704956055,0.13819366693496704,0
0.4237546920776367,0.9714215993881226,0,0.3167048692703247,0.8092952370643616,0,0.3393097519874573,0.620435893535614,0,0.4481225907802582,0.5220167636871338,0,0.5338839292526245,0.4800303876399994,0,0.4018677771091461,0.563870370388031,0,0.3972094655036926,0.32165440917015076,0,0.4079141914844513,0.18827104568481445,0,0.43193644285202026,0.08643925189971924,0,0.5224518179893494,0.5895548462867737,0,0.5658181309700012,0.3572898507118225,0,0.5961233973503113,0.22693213820457458,0,0.6338300704956055,0.13819366693496704,0,0.6062282919883728,0.6324425935745239,0
0.4237546920776367,0.9714215993881226,0,0.3167048692703247,0.8092952370643616,0,0.3393097519874573,0.620435893535614,0,0.4481225907802582,0.5220167636871338,0,0.5338839292526245,0.4800303876399994,0,0.4018677771091461,0.563870370388031,0,0.3972094655036926,0.32165440917015076,0,0.4079141914844513,0.18827104568481445,0,0.43193644285202026,0.08643925189971924,0,0.5224518179893494,0.5895548462867737,0,0.5658181309700012,0.3572898507118225,0,0.5961233973503113,0.22693213820457458,0,0.6338300704956055,0.13819366693496704,0,0.6062282919883728,0.6324425935745239,0,0.5678480863571167,0.49464160203933716,0
0.4237546920776367,0.9714215993881226,0,0.3167048692703247,0.8092952370643616,0,0.3393097519874573,0.620435893535614,0,0.4481225907802582,0.5220167636871338,0,0.5338839292526245,0.4800303876399994,0,0.4018677771091461,0.563870370388031,0,0.3972094655036926,0.32165440917015076,0,0.4079141914844513,0.18827104568481445,0,0.43193644285202026,0.08643925189971924,0,0.5224518179893494,0.5895548462867737,0,0.5658181309700012,0.3572898507118225,0,0.5961233973503113,0.22693213820457458,0,0.6338300704956055,0.13819366693496704,0,0.6062282919883728,0.6324425935745239,0,0.5678480863571167,0.49464160203933716,0,0.49243488907814026,0.5313687920570374,0
0.4237546920776367,0.9714215993881226,0,0.3167048692703247,0.8092952370643616,0,0.3393097519874573,0.620435893535614,0,0.4481225907802582,0.5220167636871338,0,0.5338839292526245,0.4800303876399994,0,0.4018677771091461,0.563870370388031,0,0.3972094655036926,0.32165440917015076,0,0.4079141914844513,0.18827104568481445,0,0.43193644285202026,0.08643925189971924,0,0.5224518179893494,0.5895548462867737,0,0.5658181309700012,0.3572898507118225,0,0.5961233973503113,0.22693213820457458,0,0.6338300704956055,0.13819366693496704,0,0.6062282919883728,0.6324425935745239,0,0.5678480863571167,0.49464160203933716,0,0.49243488907814026,0.5313687920570374,0,0.458395779132843,0.5849043130874634,0
0.4237546920776367,0.9714215993881226,0,0.3167048692703247,0.8092952370643616,0,0.3393097519874573,0.620435893535614,0,0.4481225907802582,0.5220167636871338,0,0.5338839292526245,0.4800303876399994,0,0.4018677771091461,0.563870370388031,0,0.3972094655036926,0.32165440917015076,0,0.4079141914844513,0.18827104568481445,0,0.43193644285202026,0.08643925189971924,0,0.5224518179893494,0.5895548462867737,0,0.5658181309700012,0.3572898507118225,0,0.5961233973503113,0.22693213820457458,0,0.6338300704956055,0.13819366693496704,0,0.6062282919883728,0.6324425935745239,0,0.5678480863571167,0.49464160203933716,0,0.49243488907814026,0.5313687920570374,0,0.458395779132843,0.5849043130874634,0,0.6567636132240295,0.6795538067817688,0
0.4237546920776367,0.9714215993881226,0,0.3167048692703247,0.8092952370643616,0,0.3393097519874573,0.620435893535614,0,0.4481225907802582,0.5220167636871338,0,0.5338839292526245,0.4800303876399994,0,0.4018677771091461,0.563870370388031,0,0.3972094655036926,0.32165440917015076,0,0.4079141914844513,0.18827104568481445,0,0.43193644285202026,0.08643925189971924,0,0.5224518179893494,0.5895548462867737,0,0.5658181309700012,0.3572898507118225,0,0.5961233973503113,0.22693213820457458,0,0.6338300704956055,0.13819366693496704,0,0.6062282919883728,0.6324425935745239,0,0.5678480863571167,0.49464160203933716,0,0.49243488907814026,0.5313687920570374,0,0.458395779132843,0.5849043130874634,0,0.6567636132240295,0.6795538067817688,0,0.5936389565467834,0.581440806388855,0
0.4237546920776367,0.9714215993881226,0,0.3167048692703247,0.8092952370643616,0,0.3393097519874573,0.620435893535614,0,0.4481225907802582,0.5220167636871338,0,0.5338839292526245,0.4800303876399994,0,0.4018677771091461,0.563870370388031,0,0.3972094655036926,0.32165440917015076,0,0.4079141914844513,0.18827104568481445,0,0.43193644285202026,0.08643925189971924,0,0.5224518179893494,0.5895548462867737,0,0.5658181309700012,0.3572898507118225,0,0.5961233973503113,0.22693213820457458,0,0.6338300704956055,0.13819366693496704,0,0.6062282919883728,0.6324425935745239,0,0.5678480863571167,0.49464160203933716,0,0.49243488907814026,0.5313687920570374,0,0.458395779132843,0.5849043130874634,0,0.6567636132240295,0.6795538067817688,0,0.5936389565467834,0.581440806388855,0,0.5170957446098328,0.5995343923568726,0
0.4237546920776367,0.9714215993881226,0,0.3167048692703247,0.8092952370643616,0,0.3393097519874573,0.620435893535614,0,0.4481225907802582,0.5220167636871338,0,0.5338839292526245,0.4800303876399994,0,0.4018677771091461,0.563870370388031,0,0.3972094655036926,0.32165440917015076,0,0.4079141914844513,0.18827104568481445,0,0.43193644285202026,0.08643925189971924,0,0.5224518179893494,0.5895548462867737,0,0.5658181309700012,0.3572898507118225,0,0.5961233973503113,0.22693213820457458,0,0.6338300704956055,0.13819366693496704,0,0.6062282919883728,0.6324425935745239,0,0.5678480863571167,0.49464160203933716,0,0.49243488907814026,0.5313687920570374,0,0.458395779132843,0.5849043130874634,0,0.6567636132240295,0.6795538067817688,0,0.5936389565467834,0.581440806388855,0,0.5170957446098328,0.5995343923568726,0,0.48492366075515747,0.6446194052696228,0
0.39126962423324585,0.903072714805603,0
0.39126962423324585,0.903072714805603,0,0.2428707480430603,0.713563084602356,0
0.39126962423324585,0.903072714805603,0,0.2428707480430603,0.713563084602356,0,0.22675752639770508,0.5029091238975525,0
0.39126962423324585,0.903072714805603,0,0.2428707480430603,0.713563084602356,0,0.22675752639770508,0.5029091238975525,0,0.22619852423667908,0.3355867564678192,0
0.39126962423324585,0.903072714805603,0,0.2428707480430603,0.713563084602356,0,0.22675752639770508,0.5029091238975525,0,0.22619852423667908,0.3355867564678192,0,0.20597508549690247,0.2179723083972931,0
0.39126962423324585,0.903072714805603,0,0.2428707480430603,0.713563084602356,0,0.22675752639770508,0.5029091238975525,0,0.22619852423667908,0.3355867564678192,0,0.20597508549690247,0.2179723083972931,0,0.4640209972858429,0.44532153010368347,0
0.39126962423324585,0.903072714805603,0,0.2428707480430603,0.713563084602356,0,0.22675752639770508,0.5029091238975525,0,0.22619852423667908,0.3355867564678192,0,0.20597508549690247,0.2179723083972931,0,0.4640209972858429,0.44532153010368347,0,0.41173872351646423,0.3097783327102661,0
0.39126962423324585,0.903072714805603,0,0.2428707480430603,0.713563084602356,0,0.22675752639770508,0.5029091238975525,0,0.22619852423667908,0.3355867564678192,0,0.20597508549690247,0.2179723083972931,0,0.4640209972858429,0.44532153010368347,0,0.41173872351646423,0.3097783327102661,0,0.3566577732563019,0.3513905107975006,0
0.39126962423324585,0.903072714805603,0,0.2428707480430603,0.713563084602356,0,0.22675752639770508,0.5029091238975525,0,0.22619852423667908,0.3355867564678192,0,0.20597508549690247,0.2179723083972931,0,0.4640209972858429,0.44532153010368347,0,0.41173872351646423,0.3097783327102661,0,0.3566577732563019,0.3513905107975006,0,0.33471545577049255,0.4040646553039551,0
0.39126962423324585,0.903072714805603,0,0.2428707480430603,0.713563084602356,0,0.22675752639770508,0.5029091238975525,0,0.22619852423667908,0.3355867564678192,0,0.20597508549690247,0.2179723083972931,0,0.4640209972858429,0.44532153010368347,0,0.41173872351646423,0.3097783327102661,0,0.3566577732563019,0.3513905107975006,0,0.33471545577049255,0.4040646553039551,0,0.5956503748893738,0.48438432812690735,0
0.39126962423324585,0.903072714805603,0,0.2428707480430603,0.713563084602356,0,0.22675752639770508,0.5029091238975525,0,0.22619852423667908,0.3355867564678192,0,0.20597508549690247,0.2179723083972931,0,0.4640209972858429,0.44532153010368347,0,0.41173872351646423,0.3097783327102661,0,0.3566577732563019,0.3513905107975006,0,0.33471545577049255,0.4040646553039551,0,0.5956503748893738,0.48438432812690735,0,0.5433657765388489,0.3481038808822632,0
0.39126962423324585,0.903072714805603,0,0.2428707480430603,0.713563084602356,0,0.22675752639770508,0.5029091238975525,0,0.22619852423667908,0.3355867564678192,0,0.20597508549690247,0.2179723083972931,0,0.4640209972858429,0.44532153010368347,0,0.41173872351646423,0.3097783327102661,0,0.3566577732563019,0.3513905107975006,0,0.33471545577049255,0.4040646553039551,0,0.5956503748893738,0.48438432812690735,0,0.5433657765388489,0.3481038808822632,0,0.4714035391807556,0.37204307317733765,0
0.39126962423324585,0.903072714805603,0,0.2428707480430603,0.713563084602356,0,0.22675752639770508,0.5029091238975525,0,0.22619852423667908,0.3355867564678192,0,0.20597508549690247,0.2179723083972931,0,0.4640209972858429,0.44532153010368347,0,0.41173872351646423,0.3097783327102661,0,0.3566577732563019,0.3513905107975006,0,0.33471545577049255,0.4040646553039551,0,0.5956503748893738,0.48438432812690735,0,0.5433657765388489,0.3481038808822632,0,0.4714035391807556,0.37204307317733765,0,0.4411464333534241,0.4165952801704407,0
0.39126962423324585,0.903072714805603,0,0.2428707480430603,0.713563084602356,0,0.22675752639770508,0.5029091238975525,0,0.22619852423667908,0.3355867564678192,0,0.20597508549690247,0.2179723083972931,0,0.4640209972858429,0.44532153010368347,0,0.41173872351646423,0.3097783327102661,0,0.3566577732563019,0.3513905107975006,0,0.33471545577049255,0.4040646553039551,0,0.5956503748893738,0.48438432812690735,0,0.5433657765388489,0.3481038808822632,0,0.4714035391807556,0.37204307317733765,0,0.4411464333534241,0.4165952801704407,0,0.6748668551445007,0.5573939681053162,0
0.39126962423324585,0.903072714805603,0,0.2428707480430603,0.713563084602356,0,0.22675752639770508,0.5029091238975525,0,0.22619852423667908,0.3355867564678192,0,0.20597508549690247,0.2179723083972931,0,0.4640209972858429,0.44532153010368347,0,0.41173872351646423,0.3097783327102661,0,0.3566577732563019,0.3513905107975006,0,0.33471545577049255,0.4040646553039551,0,0.5956503748893738,0.48438432812690735,0,0.5433657765388489,0.3481038808822632,0,0.4714035391807556,0.37204307317733765,0,0.4411464333534241,0.4165952801704407,0,0.6748668551445007,0.5573939681053162,0,0.654309868812561,0.41592681407928467,0
0.39126962423324585,0.903072714805603,0,0.2428707480430603,0.713563084602356,0,0.22675752639770508,0.5029091238975525,0,0.22619852423667908,0.3355867564678192,0,0.20597508549690247,0.2179723083972931,0,0.4640209972858429,0.44532153010368347,0,0.41173872351646423,0.3097783327102661,0,0.3566577732563019,0.3513905107975006,0,0.33471545577049255,0.4040646553039551,0,0.5956503748893738,0.48438432812690735,0,0.5433657765388489,0.3481038808822632,0,0.4714035391807556,0.37204307317733765,0,0.4411464333534241,0.4165952801704407,0,0.6748668551445007,0.5573939681053162,0,0.654309868812561,0.41592681407928467,0,0.5838667154312134,0.4065234065055847,0
0.39126962423324585,0.903072714805603,0,0.2428707480430603,0.713563084602356,0,0.22675752639770508,0.5029091238975525,0,0.22619852423667908,0.3355867564678192,0,0.20597508549690247,0.2179723083972931,0,0.4640209972858429,0.44532153010368347,0,0.41173872351646423,0.3097783327102661,0,0.3566577732563019,0.3513905107975006,0,0.33471545577049255,0.4040646553039551,0,0.5956503748893738,0.48438432812690735,0,0.5433657765388489,0.3481038808822632,0,0.4714035391807556,0.37204307317733765,0,0.4411464333534241,0.4165952801704407,0,0.6748668551445007,0.5573939681053162,0,0.654309868812561,0.41592681407928467,0,0.5838667154312134,0.4065234065055847,0,0.545478105545044,0.44373035430908203,0
0.39126962423324585,0.903072714805603,0,0.2428707480430603,0.713563084602356,0,0.22675752639770508,0.5029091238975525,0,0.22619852423667908,0.3355867564678192,0,0.20597508549690247,0.2179723083972931,0,0.4640209972858429,0.44532153010368347,0,0.41173872351646423,0.3097783327102661,0,0.3566577732563019,0.3513905107975006,0,0.33471545577049255,0.4040646553039551,0,0.5956503748893738,0.48438432812690735,0,0.5433657765388489,0.3481038808822632,0,0.4714035391807556,0.37204307317733765,0,0.4411464333534241,0.4165952801704407,0,0.6748668551445007,0.5573939681053162,0,0.654309868812561,0.41592681407928467,0,0.5838667154312134,0.4065234065055847,0,0.545478105545044,0.44373035430908203,0,0.72856605052948,0.6382712721824646,0
0.39126962423324585,0.903072714805603,0,0.2428707480430603,0.713563084602356,0,0.22675752639770508,0.5029091238975525,0,0.22619852423667908,0.3355867564678192,0,0.20597508549690247,0.2179723083972931,0,0.4640209972858429,0.44532153010368347,0,0.41173872351646423,0.3097783327102661,0,0.3566577732563019,0.3513905107975006,0,0.33471545577049255,0.4040646553039551,0,0.5956503748893738,0.48438432812690735,0,0.5433657765388489,0.3481038808822632,0,0.4714035391807556,0.37204307317733765,0,0.4411464333534241,0.4165952801704407,0,0.6748668551445007,0.5573939681053162,0,0.654309868812561,0.41592681407928467,0,0.5838667154312134,0.4065234065055847,0,0.545478105545044,0.44373035430908203,0,0.72856605052948,0.6382712721824646,0,0.74146568775177,0.49643459916114807,0
0.39126962423324585,0.903072714805603,0,0.2428707480430603,0.713563084602356,0,0.22675752639770508,0.5029091238975525,0,0.22619852423667908,0.3355867564678192,0,0.20597508549690247,0.2179723083972931,0,0.4640209972858429,0.44532153010368347,0,0.41173872351646423,0.3097783327102661,0,0.3566577732563019,0.3513905107975006,0,0.33471545577049255,0.4040646553039551,0,0.5956503748893738,0.48438432812690735,0,0.5433657765388489,0.3481038808822632,0,0.4714035391807556,0.37204307317733765,0,0.4411464333534241,0.4165952801704407,0,0.6748668551445007,0.5573939681053162,0,0.654309868812561,0.41592681407928467,0,0.5838667154312134,0.4065234065055847,0,0.545478105545044,0.44373035430908203,0,0.72856605052948,0.6382712721824646,0,0.74146568775177,0.49643459916114807,0,0.686245858669281,0.47060632705688477,0
0.39126962423324585,0.903072714805603,0,0.2428707480430603,0.713563084602356,0,0.22675752639770508,0.5029091238975525,0,0.22619852423667908,0.3355867564678192,0,0.20597508549690247,0.2179723083972931,0,0.4640209972858429,0.44532153010368347,0,0.41173872351646423,0.3097783327102661,0,0.3566577732563019,0.3513905107975006,0,0.33471545577049255,0.4040646553039551,0,0.5956503748893738,0.48438432812690735,0,0.5433657765388489,0.3481038808822632,0,0.4714035391807556,0.37204307317733765,0,0.4411464333534241,0.4165952801704407,0,0.6748668551445007,0.5573939681053162,0,0.654309868812561,0.41592681407928467,0,0.5838667154312134,0.4065234065055847,0,0.545478105545044,0.44373035430908203,0,0.72856605052948,0.6382712721824646,0,0.74146568775177,0.49643459916114807,0,0.686245858669281,0.47060632705688477,0,0.6515218615531921,0.49297451972961426,0
0.4648306369781494,0.7905592918395996,0
0.4648306369781494,0.7905592918395996,0,0.5815510153770447,0.7681466341018677,0
0.4648306369781494,0.7905592918395996,0,0.5815510153770447,0.7681466341018677,0,0.6595335006713867,0.7073482871055603,0
0.4648306369781494,0.7905592918395996,0,0.5815510153770447,0.7681466341018677,0,0.6595335006713867,0.7073482871055603,0,0.6781289577484131,0.6243126392364502,0
0.4648306369781494,0.7905592918395996,0,0.5815510153770447,0.7681466341018677,0,0.6595335006713867,0.7073482871055603,0,0.6781289577484131,0.6243126392364502,0,0.6784771084785461,0.5457602143287659,0
0.4648306369781494,0.7905592918395996,0,0.5815510153770447,0.7681466341018677,0,0.6595335006713867,0.7073482871055603,0,0.6781289577484131,0.6243126392364502,0,0.6784771084785461,0.5457602143287659,0,0.5912767648696899,0.5778049826622009,0
0.4648306369781494,0.7905592918395996,0,0.5815510153770447,0.7681466341018677,0,0.6595335006713867,0.7073482871055603,0,0.6781289577484131,0.6243126392364502,0,0.6784771084785461,0.5457602143287659,0,0.5912767648696899,0.5778049826622009,0,0.6103482842445374,0.5487059354782104,0
0.4648306369781494,0.7905592918395996,0,0.5815510153770447,0.7681466341018677,0,0.6595335006713867,0.7073482871055603,0,0.6781289577484131,0.6243126392364502,0,0.6784771084785461,0.5457602143287659,0,0.5912767648696899,0.5778049826622009,0,0.6103482842445374,0.5487059354782104,0,0.5897714495658875,0.6524751782417297,0
0.4648306369781494,0.7905592918395996,0,0.5815510153770447,0.7681466341018677,0,0.6595335006713867,0.7073482871055603,0,0.6781289577484131,0.6243126392364502,0,0.6784771084785461,0.5457602143287659,0,0.5912767648696899,0.5778049826622009,0,0.6103482842445374,0.5487059354782104,0,0.5897714495658875,0.6524751782417297,0,0.572438657283783,0.7477455139160156,0
0.4648306369781494,0.7905592918395996,0,0.5815510153770447,0.7681466341018677,0,0.6595335006713867,0.7073482871055603,0,0.6781289577484131,0.6243126392364502,0,0.6784771084785461,0.5457602143287659,0,0.5912767648696899,0.5778049826622009,0,0.6103482842445374,0.5487059354782104,0,0.5897714495658875,0.6524751782417297,0,0.572438657283783,0.7477455139160156,0,0.5037477612495422,0.5897553563117981,0
0.4648306369781494,0.7905592918395996,0,0.5815510153770447,0.7681466341018677,0,0.6595335006713867,0.7073482871055603,0,0.6781289577484131,0.6243126392364502,0,0.6784771084785461,0.5457602143287659,0,0.5912767648696899,0.5778049826622009,0,0.6103482842445374,0.5487059354782104,0,0.5897714495658875,0.6524751782417297,0,0.572438657283783,0.7477455139160156,0,0.5037477612495422,0.5897553563117981,0,0.5190251469612122,0.5912923216819763,0
0.4648306369781494,0.7905592918395996,0,0.5815510153770447,0.7681466341018677,0,0.6595335006713867,0.7073482871055603,0,0.6781289577484131,0.6243126392364502,0,0.6784771084785461,0.5457602143287659,0,0.5912767648696899,0.5778049826622009,0,0.6103482842445374,0.5487059354782104,0,0.5897714495658875,0.6524751782417297,0,0.572438657283783,0.7477455139160156,0,0.5037477612495422,0.5897553563117981,0,0.5190251469612122,0.5912923216819763,0,0.5050803422927856,0.7016677260398865,0
0.4648306369781494,0.7905592918395996,0,0.5815510153770447,0.7681466341018677,0,0.6595335006713867,0.7073482871055603,0,0.6781289577484131,0.6243126392364502,0,0.6784771084785461,0.5457602143287659,0,0.5912767648696899,0.5778049826622009,0,0.6103482842445374,0.5487059354782104,0,0.5897714495658875,0.6524751782417297,0,0.572438657283783,0.7477455139160156,0,0.5037477612495422,0.5897553563117981,0,0.5190251469612122,0.5912923216819763,0,0.5050803422927856,0.7016677260398865,0,0.4993104338645935,0.7914717197418213,0
0.4648306369781494,0.7905592918395996,0,0.5815510153770447,0.7681466341018677,0,0.6595335006713867,0.7073482871055603,0,0.6781289577484131,0.6243126392364502,0,0.6784771084785461,0.5457602143287659,0,0.5912767648696899,0.5778049826622009,0,0.6103482842445374,0.5487059354782104,0,0.5897714495658875,0.6524751782417297,0,0.572438657283783,0.7477455139160156,0,0.5037477612495422,0.5897553563117981,0,0.5190251469612122,0.5912923216819763,0,0.5050803422927856,0.7016677260398865,0,0.4993104338645935,0.7914717197418213,0,0.42858192324638367,0.6121788024902344,0
0.4648306369781494,0.7905592918395996,0,0.5815510153770447,0.7681466341018677,0,0.6595335006713867,0.7073482871055603,0,0.6781289577484131,0.6243126392364502,0,0.6784771084785461,0.5457602143287659,0,0.5912767648696899,0.5778049826622009,0,0.6103482842445374,0.5487059354782104,0,0.5897714495658875,0.6524751782417297,0,0.572438657283783,0.7477455139160156,0,0.5037477612495422,0.5897553563117981,0,0.5190251469612122,0.5912923216819763,0,0.5050803422927856,0.7016677260398865,0,0.4993104338645935,0.7914717197418213,0,0.42858192324638367,0.6121788024902344,0,0.4364807605743408,0.6236340403556824,0
0.4648306369781494,0.7905592918395996,0,0.5815510153770447,0.7681466341018677,0,0.6595335006713867,0.7073482871055603,0,0.6781289577484131,0.6243126392364502,0,0.6784771084785461,0.5457602143287659,0,0.5912767648696899,0.5778049826622009,0,0.6103482842445374,0.5487059354782104,0,0.5897714495658875,0.6524751782417297,0,0.572438657283783,0.7477455139160156,0,0.5037477612495422,0.5897553563117981,0,0.5190251469612122,0.5912923216819763,0,0.5050803422927856,0.7016677260398865,0,0.4993104338645935,0.7914717197418213,0,0.42858192324638367,0.6121788024902344,0,0.4364807605743408,0.6236340403556824,0,0.43123844265937805,0.7197055816650391,0
0.4648306369781494,0.7905592918395996,0,0.5815510153770447,0.7681466341018677,0,0.6595335006713867,0.7073482871055603,0,0.6781289577484131,0.6243126392364502,0,0.6784771084785461,0.5457602143287659,0,0.5912767648696899,0.5778049826622009,0,0.6103482842445374,0.5487059354782104,0,0.5897714495658875,0.6524751782417297,0,0.572438657283783,0.7477455139160156,0,0.5037477612495422,0.5897553563117981,0,0.5190251469612122,0.5912923216819763,0,0.5050803422927856,0.7016677260398865,0,0.4993104338645935,0.7914717197418213,0,0.42858192324638367,0.6121788024902344,0,0.4364807605743408,0.6236340403556824,0,0.43123844265937805,0.7197055816650391,0,0.43121063709259033,0.7948605418205261,0
0.4648306369781494,0.7905592918395996,0,0.5815510153770447,0.7681466341018677,0,0.6595335006713867,0.7073482871055603,0,0.6781289577484131,0.6243126392364502,0,0.6784771084785461,0.5457602143287659,0,0.5912767648696899,0.5778049826622009,0,0.6103482842445374,0.5487059354782104,0,0.5897714495658875,0.6524751782417297,0,0.572438657283783,0.7477455139160156,0,0.5037477612495422,0.5897553563117981,0,0.5190251469612122,0.5912923216819763,0,0.5050803422927856,0.7016677260398865,0,0.4993104338645935,0.7914717197418213,0,0.42858192324638367,0.6121788024902344,0,0.4364807605743408,0.6236340403556824,0,0.43123844265937805,0.7197055816650391,0,0.43121063709259033,0.7948605418205261,0,0.3598529100418091,0.6431553959846497,0
0.4648306369781494,0.7905592918395996,0,0.5815510153770447,0.7681466341018677,0,0.6595335006713867,0.7073482871055603,0,0.6781289577484131,0.6243126392364502,0,0.6784771084785461,0.5457602143287659,0,0.5912767648696899,0.5778049826622009,0,0.6103482842445374,0.5487059354782104,0,0.5897714495658875,0.6524751782417297,0,0.572438657283783,0.7477455139160156,0,0.5037477612495422,0.5897553563117981,0,0.5190251469612122,0.5912923216819763,0,0.5050803422927856,0.7016677260398865,0,0.4993104338645935,0.7914717197418213,0,0.42858192324638367,0.6121788024902344,0,0.4364807605743408,0.6236340403556824,0,0.43123844265937805,0.7197055816650391,0,0.43121063709259033,0.7948605418205261,0,0.3598529100418091,0.6431553959846497,0,0.36271941661834717,0.6546828746795654,0
0.4648306369781494,0.7905592918395996,0,0.5815510153770447,0.7681466341018677,0,0.6595335006713867,0.7073482871055603,0,0.6781289577484131,0.6243126392364502,0,0.6784771084785461,0.5457602143287659,0,0.5912767648696899,0.5778049826622009,0,0.6103482842445374,0.5487059354782104,0,0.5897714495658875,0.6524751782417297,0,0.572438657283783,0.7477455139160156,0,0.5037477612495422,0.5897553563117981,0,0.5190251469612122,0.5912923216819763,0,0.5050803422927856,0.7016677260398865,0,0.4993104338645935,0.7914717197418213,0,0.42858192324638367,0.6121788024902344,0,0.4364807605743408,0.6236340403556824,0,0.43123844265937805,0.7197055816650391,0,0.43121063709259033,0.7948605418205261,0,0.3598529100418091,0.6431553959846497,0,0.36271941661834717,0.6546828746795654,0,0.366666316986084,0.7247563600540161,0
0.4648306369781494,0.7905592918395996,0,0.5815510153770447,0.7681466341018677,0,0.6595335006713867,0.7073482871055603,0,0.6781289577484131,0.6243126392364502,0,0.6784771084785461,0.5457602143287659,0,0.5912767648696899,0.5778049826622009,0,0.6103482842445374,0.5487059354782104,0,0.5897714495658875,0.6524751782417297,0,0.572438657283783,0.7477455139160156,0,0.5037477612495422,0.5897553563117981,0,0.5190251469612122,0.5912923216819763,0,0.5050803422927856,0.7016677260398865,0,0.4993104338645935,0.7914717197418213,0,0.42858192324638367,0.6121788024902344,0,0.4364807605743408,0.6236340403556824,0,0.43123844265937805,0.7197055816650391,0,0.43121063709259033,0.7948605418205261,0,0.3598529100418091,0.6431553959846497,0,0.36271941661834717,0.6546828746795654,0,0.366666316986084,0.7247563600540161,0,0.37445932626724243,0.7791029214859009,0
